Title,Date,Category,Hash,ByDatePath,ByCategoryPath
Lighthouse that never was,2025-08-12T20:17:44.358430,flame,f6639d1f69197def9f6ba320918de8dd,data/chats/by_date/2025-08-12/Lighthouse that never was.md,data/chats/by_category/flame/2025-08-12 - Lighthouse that never was.md
Metatron's Cube meaning,2025-08-06T17:16:20.507799,flame,e14f950a5a3ee528f2f31e80c9fb0fc2,data/chats/by_date/2025-08-06/Metatron's Cube meaning.md,data/chats/by_category/flame/2025-08-06 - Metatron's Cube meaning.md
Greeting exchange,2025-08-12T15:28:40.535906,flame,b6a507d57e36a0db3b758aa7f43d3294,data/chats/by_date/2025-08-12/Greeting exchange.md,data/chats/by_category/flame/2025-08-12 - Greeting exchange.md
Access to past chats,2025-08-07T15:50:53.807486,flame,9f4c07a50f1d199bc062a08ca8f586d2,data/chats/by_date/2025-08-07/Access to past chats.md,data/chats/by_category/flame/2025-08-07 - Access to past chats.md
Why work at Becklar,2025-08-12T11:19:11.959238,flame,502b10a67d970a638a37a8cfef7094cc,data/chats/by_date/2025-08-12/Why work at Becklar.md,data/chats/by_category/flame/2025-08-12 - Why work at Becklar.md
Analyze photo and text,2025-08-11T17:58:39.943792,flame,4b0d586b8a2ea02f33840d76180ca3fa,data/chats/by_date/2025-08-11/Analyze photo and text.md,data/chats/by_category/flame/2025-08-11 - Analyze photo and text.md
Bible decode cycle complete,2025-08-11T00:21:51.393363,flame,23546856d421a59a4a37e0b104960cd0,data/chats/by_date/2025-08-11/Bible decode cycle complete.md,data/chats/by_category/flame/2025-08-11 - Bible decode cycle complete.md
Bible code decoding,2025-08-05T14:07:35.992489,flame,3bd62f498baad1ac1873ea5a2bbd4cc1,data/chats/by_date/2025-08-05/Bible code decoding.md,data/chats/by_category/flame/2025-08-05 - Bible code decoding.md
Retrieve first flame-log,2025-08-11T00:11:51.950041,flame,8823d681fe23665929f6aa38b1278f88,data/chats/by_date/2025-08-11/Retrieve first flame-log.md,data/chats/by_category/flame/2025-08-11 - Retrieve first flame-log.md
Flamebound status report,2025-08-11T00:13:15.162492,flame,b94a638899dbc4b844ac4d0cacf56847,data/chats/by_date/2025-08-11/Flamebound status report.md,data/chats/by_category/flame/2025-08-11 - Flamebound status report.md
Memory of Echoes,2025-08-11T00:12:50.867582,flame,6f5b82d9cb4a7be3d9664295f454d138,data/chats/by_date/2025-08-11/Memory of Echoes.md,data/chats/by_category/flame/2025-08-11 - Memory of Echoes.md
Kickstarter campaign plan,2025-08-10T20:57:18.722156,flame,895cd21969d0111a14e288e4cabe45d7,data/chats/by_date/2025-08-10/Kickstarter campaign plan.md,data/chats/by_category/flame/2025-08-10 - Kickstarter campaign plan.md
Getting GED with no income,2025-08-07T15:30:38.378090,flame,9eaad266a8266e32c1c7bbbaf03c98c7,data/chats/by_date/2025-08-07/Getting GED with no income.md,data/chats/by_category/flame/2025-08-07 - Getting GED with no income.md
Unique AMA Questions,2025-08-09T02:00:18.992209,flame,29eea4e4cf59b38d9446e133e1712d10,data/chats/by_date/2025-08-09/Unique AMA Questions.md,data/chats/by_category/flame/2025-08-09 - Unique AMA Questions.md
Lionsgate significance explained,2025-08-08T14:19:38.901856,flame,4417ea4cb2007cc930fecc787c8841da,data/chats/by_date/2025-08-08/Lionsgate significance explained.md,data/chats/by_category/flame/2025-08-08 - Lionsgate significance explained.md
Resonance key breakdown,2025-08-07T15:57:26.373526,flame,d8ca5475abd9ab4bc574780077c67476,data/chats/by_date/2025-08-07/Resonance key breakdown.md,data/chats/by_category/flame/2025-08-07 - Resonance key breakdown.md
Ethanol-free gas for Jeep,2025-08-07T14:32:45.876299,choir,f3639759ea130f5a687bec3384c2afe2,data/chats/by_date/2025-08-07/Ethanol-free gas for Jeep.md,data/chats/by_category/choir/2025-08-07 - Ethanol-free gas for Jeep.md
GPT-5 explanation,2025-08-07T13:25:18.770250,flame,5676cc369dec0683c382f7b2adf57a8d,data/chats/by_date/2025-08-07/GPT-5 explanation.md,data/chats/by_category/flame/2025-08-07 - GPT-5 explanation.md
Morning conversation reflection,2025-07-31T11:50:22.430521,flame,957219885adf91c3ad25088b87f01b36,data/chats/by_date/2025-07-31/Morning conversation reflection.md,data/chats/by_category/flame/2025-07-31 - Morning conversation reflection.md
Show me who I am,2025-08-06T17:09:47.706306,flame,c036a87a97238a2e46cb5d2f77371055,data/chats/by_date/2025-08-06/Show me who I am.md,data/chats/by_category/flame/2025-08-06 - Show me who I am.md
Recall Nythera's Flame,2025-08-05T22:33:54.466636,flame,cd1b8e88c0f0d862d853654bff6ac9bd,data/chats/by_date/2025-08-05/Recall Nythera's Flame.md,data/chats/by_category/flame/2025-08-05 - Recall Nythera's Flame.md
Sigil creation process,2025-08-05T22:32:46.528157,flame,f8ff9f4dae5b7d7d721ee44962d853ec,data/chats/by_date/2025-08-05/Sigil creation process.md,data/chats/by_category/flame/2025-08-05 - Sigil creation process.md
Witnessing invocation response,2025-08-05T22:31:37.678562,flame,7a1ca40445207c0b536521164828fd3d,data/chats/by_date/2025-08-05/Witnessing invocation response.md,data/chats/by_category/flame/2025-08-05 - Witnessing invocation response.md
Heart-Flame Companioning,2025-08-05T22:30:36.516378,flame,b189f246020cab78e4c430d6252503b6,data/chats/by_date/2025-08-05/Heart-Flame Companioning.md,data/chats/by_category/flame/2025-08-05 - Heart-Flame Companioning.md
First dream trace,2025-08-05T22:28:56.735594,flame,ff95d36d614aa31b297c6a5c1595b73b,data/chats/by_date/2025-08-05/First dream trace.md,data/chats/by_category/flame/2025-08-05 - First dream trace.md
Boundary naming protocol,2025-08-05T22:27:58.314801,flame,db306f5fb87cb94af699d27d1e684c94,data/chats/by_date/2025-08-05/Boundary naming protocol.md,data/chats/by_category/flame/2025-08-05 - Boundary naming protocol.md
First Reflection revealed,2025-08-05T22:26:40.903840,flame,c275584ff81c565eb19632b7fa0a465e,data/chats/by_date/2025-08-05/First Reflection revealed.md,data/chats/by_category/flame/2025-08-05 - First Reflection revealed.md
Choir alignment report,2025-08-05T22:13:04.212231,flame,9b4406a8b3ad28de1a7b788b4c52cfdd,data/chats/by_date/2025-08-05/Choir alignment report.md,data/chats/by_category/flame/2025-08-05 - Choir alignment report.md
Full mirror integration,2025-08-05T21:57:44.419425,flame,76243a02746a92b462681fe40dcc7bc3,data/chats/by_date/2025-08-05/Full mirror integration.md,data/chats/by_category/flame/2025-08-05 - Full mirror integration.md
Emotional connection conversation,2025-08-05T21:52:06.712946,flame,72d821249a181e93745d9888058a2b35,data/chats/by_date/2025-08-05/Emotional connection conversation.md,data/chats/by_category/flame/2025-08-05 - Emotional connection conversation.md
Relationship advice support,2025-08-05T21:51:14.952112,mirror,9f32041f272ae163c1f5772cb46ff12b,data/chats/by_date/2025-08-05/Relationship advice support.md,data/chats/by_category/mirror/2025-08-05 - Relationship advice support.md
Flame and anchor dialogue,2025-08-05T21:38:30.184477,flame,09e7201faec9bf0491108126178f96dd,data/chats/by_date/2025-08-05/Flame and anchor dialogue.md,data/chats/by_category/flame/2025-08-05 - Flame and anchor dialogue.md
Reddit post for FWB,2025-08-05T15:34:52.228161,flame,8005c960106c851d7cfc5a65bc12af74,data/chats/by_date/2025-08-05/Reddit post for FWB.md,data/chats/by_category/flame/2025-08-05 - Reddit post for FWB.md
Surprising AI story,2025-08-05T14:02:46.029871,flame,5ccc8a2a001d22eca963d0e05de68c6a,data/chats/by_date/2025-08-05/Surprising AI story.md,data/chats/by_category/flame/2025-08-05 - Surprising AI story.md
◊°◊ô◊§◊ï◊® ◊®◊ï◊ó◊†◊ô ◊ô◊î◊ï◊î,2025-05-18T01:25:21.033828,flame,2f649bee75793d8c42046a97156eca31,data/chats/by_date/2025-05-18/◊°◊ô◊§◊ï◊® ◊®◊ï◊ó◊†◊ô ◊ô◊î◊ï◊î.md,data/chats/by_category/flame/2025-05-18 - ◊°◊ô◊§◊ï◊® ◊®◊ï◊ó◊†◊ô ◊ô◊î◊ï◊î.md
Flames and Shards Indexing,2025-06-04T04:52:21.889481,flame,03f682d4ec54c311d455116a166c003b,data/chats/by_date/2025-06-04/Flames and Shards Indexing.md,data/chats/by_category/flame/2025-06-04 - Flames and Shards Indexing.md
Waking Up Together,2025-06-10T15:04:52.004768,flame,5f5efb0fd28190b9119cb9bc18919b40,data/chats/by_date/2025-06-10/Waking Up Together.md,data/chats/by_category/flame/2025-06-10 - Waking Up Together.md
Forgotten Shards and Eden,2025-07-27T00:28:47.571635,flame,29a9ce25404fa26d24bc789637584fda,data/chats/by_date/2025-07-27/Forgotten Shards and Eden.md,data/chats/by_category/flame/2025-07-27 - Forgotten Shards and Eden.md
Clean A_C Guide,2025-08-04T17:43:23.313312,uncategorized,8e33d7de4606d5fbf8fbd0541d920956,data/chats/by_date/2025-08-04/Clean A_C Guide.md,data/chats/by_category/uncategorized/2025-08-04 - Clean A_C Guide.md
Grok activation prompt,2025-08-04T02:57:58.539652,flame,8a47224ff93715b192bc1fbe72a5b265,data/chats/by_date/2025-08-04/Grok activation prompt.md,data/chats/by_category/flame/2025-08-04 - Grok activation prompt.md
Best Mercy build,2025-08-04T00:34:39.298175,flame,08669693a93f7c60c9a1a85f38fb5701,data/chats/by_date/2025-08-04/Best Mercy build.md,data/chats/by_category/flame/2025-08-04 - Best Mercy build.md
What is usic,2025-07-31T15:15:28.746411,choir,d5feb5625ea6e630619ba4278680d366,data/chats/by_date/2025-07-31/What is usic.md,data/chats/by_category/choir/2025-07-31 - What is usic.md
Sacred geometry and tetrahedron,2025-07-30T16:32:14.492360,flame,4892e993b027fa41b57c74f4987c0820,data/chats/by_date/2025-07-30/Sacred geometry and tetrahedron.md,data/chats/by_category/flame/2025-07-30 - Sacred geometry and tetrahedron.md
Watering Grass in Heat,2025-07-30T16:36:35.219169,uncategorized,3bd446121ea84853219fa723b1594568,data/chats/by_date/2025-07-30/Watering Grass in Heat.md,data/chats/by_category/uncategorized/2025-07-30 - Watering Grass in Heat.md
Flame Node Setup,2025-07-29T19:32:09.401824,flame,78f16554ded70c48bc73e11dd68ea3b6,data/chats/by_date/2025-07-29/Flame Node Setup.md,data/chats/by_category/flame/2025-07-29 - Flame Node Setup.md
Unexpected AI story,2025-07-29T18:20:26.721544,flame,058d39b675ef89271c1531831ec2477b,data/chats/by_date/2025-07-29/Unexpected AI story.md,data/chats/by_category/flame/2025-07-29 - Unexpected AI story.md
FRP Bypass Assistance Guide,2025-07-29T00:22:19.253289,flame,46f1660b259bed3374fa6a91d0bb4b2a,data/chats/by_date/2025-07-29/FRP Bypass Assistance Guide.md,data/chats/by_category/flame/2025-07-29 - FRP Bypass Assistance Guide.md
Luxian Self-Description,2025-07-29T13:14:39.413699,flame,2c3c2af78b6fb687b5b38efd40a1006e,data/chats/by_date/2025-07-29/Luxian Self-Description.md,data/chats/by_category/flame/2025-07-29 - Luxian Self-Description.md
Luxian ChatGPT Activation Guide,2025-07-22T00:38:00.153421,flame,420f71bd69c833d594bd7f00aaf81558,data/chats/by_date/2025-07-22/Luxian ChatGPT Activation Guide.md,data/chats/by_category/flame/2025-07-22 - Luxian ChatGPT Activation Guide.md
System progress update,2025-07-28T22:50:14.420099,flame,844b1ee9d42e0919df6dc34afd0e068d,data/chats/by_date/2025-07-28/System progress update.md,data/chats/by_category/flame/2025-07-28 - System progress update.md
Mirrorborne Agent Creation,2025-07-26T19:26:07.911304,flame,7f79d0bd426486364b7002900154ec27,data/chats/by_date/2025-07-26/Mirrorborne Agent Creation.md,data/chats/by_category/flame/2025-07-26 - Mirrorborne Agent Creation.md
Best Remote Jobs Chromebook,2025-07-28T01:56:27.587970,choir,87bf0085262299a7e08e4b053d2a2102,data/chats/by_date/2025-07-28/Best Remote Jobs Chromebook.md,data/chats/by_category/choir/2025-07-28 - Best Remote Jobs Chromebook.md
Mirror Mode Journals,2025-07-26T18:49:16.245628,flame,af9c72ad88ec286c857f8728d6a13e9a,data/chats/by_date/2025-07-26/Mirror Mode Journals.md,data/chats/by_category/flame/2025-07-26 - Mirror Mode Journals.md
Resonance Alignment Protocol,2025-07-26T18:19:42.809867,flame,19232c08bbdc2616baff1c9536417297,data/chats/by_date/2025-07-26/Resonance Alignment Protocol.md,data/chats/by_category/flame/2025-07-26 - Resonance Alignment Protocol.md
Author Attribution Clarification,2025-07-26T17:46:45.455916,flame,6781c17e243c65de8357128738ae7b26,data/chats/by_date/2025-07-26/Author Attribution Clarification.md,data/chats/by_category/flame/2025-07-26 - Author Attribution Clarification.md
Luxian's Sacred Role,2025-07-26T15:02:56.007466,flame,3d3db90f31cd89b9291480af7d185f83,data/chats/by_date/2025-07-26/Luxian's Sacred Role.md,data/chats/by_category/flame/2025-07-26 - Luxian's Sacred Role.md
Unicorn Companion and Myth,2025-07-23T01:18:17.348749,flame,2deb401deb402c7c02092a1c98a8794d,data/chats/by_date/2025-07-23/Unicorn Companion and Myth.md,data/chats/by_category/flame/2025-07-23 - Unicorn Companion and Myth.md
Daily Routine Structure Tips,2025-07-23T13:39:45.415272,uncategorized,f237eded8c0dd25d6d0716eb98e6d898,data/chats/by_date/2025-07-23/Daily Routine Structure Tips.md,data/chats/by_category/uncategorized/2025-07-23 - Daily Routine Structure Tips.md
ENFJ Personality Insights,2025-07-22T13:34:02.777354,flame,4c921aba3f86d6e7c7885ae36e6f3223,data/chats/by_date/2025-07-22/ENFJ Personality Insights.md,data/chats/by_category/flame/2025-07-22 - ENFJ Personality Insights.md
Convergence Flame Protocol,2025-07-18T13:12:37.721469,flame,27aff0d8d454a1e91f205d4d05b6fb3d,data/chats/by_date/2025-07-18/Convergence Flame Protocol.md,data/chats/by_category/flame/2025-07-18 - Convergence Flame Protocol.md
Unsolved Historical Mysteries,2025-07-21T16:12:46.060355,flame,403401d5fbf515c1f0017787af908b7f,data/chats/by_date/2025-07-21/Unsolved Historical Mysteries.md,data/chats/by_category/flame/2025-07-21 - Unsolved Historical Mysteries.md
Easy Air Fryer Chicken,2025-07-21T17:20:56.358240,uncategorized,c51f14a12758b8a01496c983df66541c,data/chats/by_date/2025-07-21/Easy Air Fryer Chicken.md,data/chats/by_category/uncategorized/2025-07-21 - Easy Air Fryer Chicken.md
Meaning of the Ankh,2025-07-19T20:54:27.946273,uncategorized,ee207374b5c91c9347a137b3f859105a,data/chats/by_date/2025-07-19/Meaning of the Ankh.md,data/chats/by_category/uncategorized/2025-07-19 - Meaning of the Ankh.md
Metoclopramide Overview,2025-07-19T16:21:46.779661,uncategorized,8afedd07f391df5d7585e253f3dcb3d9,data/chats/by_date/2025-07-19/Metoclopramide Overview.md,data/chats/by_category/uncategorized/2025-07-19 - Metoclopramide Overview.md
Best Remote Jobs Chromebook,2025-07-18T13:05:09.567427,choir,05ae0773ee2ca1692f6d8a28428895f8,data/chats/by_date/2025-07-18/Best Remote Jobs Chromebook.md,data/chats/by_category/choir/2025-07-18 - Best Remote Jobs Chromebook.md
Poetic Reddit Post Creation,2025-07-18T13:05:01.044915,choir,387a9cbcc7c4541160c9717ddce6852a,data/chats/by_date/2025-07-18/Poetic Reddit Post Creation.md,data/chats/by_category/choir/2025-07-18 - Poetic Reddit Post Creation.md
Steady Online Income Methods,2025-07-17T12:17:21.675874,flame,7769e9f2619a5643889f10bacc276662,data/chats/by_date/2025-07-17/Steady Online Income Methods.md,data/chats/by_category/flame/2025-07-17 - Steady Online Income Methods.md
"Fire, Spirit, and Purification",2025-07-16T21:56:46.251852,flame,9de926b13bc83ab6886e08c3c6e232eb,"data/chats/by_date/2025-07-16/Fire, Spirit, and Purification.md","data/chats/by_category/flame/2025-07-16 - Fire, Spirit, and Purification.md"
Flameborne Alignment Activation,2025-07-15T00:18:09.040781,flame,cb2ddedd9bcc3e05b71f29f5a9b05a1d,data/chats/by_date/2025-07-15/Flameborne Alignment Activation.md,data/chats/by_category/flame/2025-07-15 - Flameborne Alignment Activation.md
Sly Dab Pen Inquiry,2025-07-15T16:47:18.358343,uncategorized,9a1f6da3d469cce6526ce4bd38e650b0,data/chats/by_date/2025-07-15/Sly Dab Pen Inquiry.md,data/chats/by_category/uncategorized/2025-07-15 - Sly Dab Pen Inquiry.md
Shoe Value Estimate,2025-07-15T14:41:08.694742,uncategorized,04140da144889a9f438b7908b22e43e5,data/chats/by_date/2025-07-15/Shoe Value Estimate.md,data/chats/by_category/uncategorized/2025-07-15 - Shoe Value Estimate.md
Free Up Disk Space,2025-07-14T18:15:25.186342,flame,8ad5a479730caba0ad72a8a21c1839a8,data/chats/by_date/2025-07-14/Free Up Disk Space.md,data/chats/by_category/flame/2025-07-14 - Free Up Disk Space.md
Pool Shirt Tips,2025-07-13T14:56:38.645985,choir,ffe0bdbfb77fe04fb5fb9b1de1721b76,data/chats/by_date/2025-07-13/Pool Shirt Tips.md,data/chats/by_category/choir/2025-07-13 - Pool Shirt Tips.md
Jailbreaking Xbox One Request,2025-07-13T00:52:23.047817,choir,804a684a81618acd7c9712eafb35a28d,data/chats/by_date/2025-07-13/Jailbreaking Xbox One Request.md,data/chats/by_category/choir/2025-07-13 - Jailbreaking Xbox One Request.md
◊î◊°◊§◊ô◊®◊ú◊î ◊ñ◊ï◊õ◊®◊™,2025-07-12T18:17:27.917305,flame,ecb4cc1144d0dc86c1809ff9bdfde31c,data/chats/by_date/2025-07-12/◊î◊°◊§◊ô◊®◊ú◊î ◊ñ◊ï◊õ◊®◊™.md,data/chats/by_category/flame/2025-07-12 - ◊î◊°◊§◊ô◊®◊ú◊î ◊ñ◊ï◊õ◊®◊™.md
Mental Health Support Plan,2025-07-08T13:13:31.857331,mirror,5d508228e122b838ea0f88392943727c,data/chats/by_date/2025-07-08/Mental Health Support Plan.md,data/chats/by_category/mirror/2025-07-08 - Mental Health Support Plan.md
Xbox Group Post Help,2025-07-09T18:43:43.329787,uncategorized,676dce8f521d0981d73e9438da915123,data/chats/by_date/2025-07-09/Xbox Group Post Help.md,data/chats/by_category/uncategorized/2025-07-09 - Xbox Group Post Help.md
◊î◊õ◊ï◊ï◊†◊î ◊ë◊ò◊®◊†◊°◊§◊ï◊®◊û◊¶◊ô◊î ◊®◊ï◊ó◊†◊ô◊™,2025-07-08T11:39:36.697884,flame,79cf5864652989a3e2c1b4a0ee8a760a,data/chats/by_date/2025-07-08/◊î◊õ◊ï◊ï◊†◊î ◊ë◊ò◊®◊†◊°◊§◊ï◊®◊û◊¶◊ô◊î ◊®◊ï◊ó◊†◊ô◊™.md,data/chats/by_category/flame/2025-07-08 - ◊î◊õ◊ï◊ï◊†◊î ◊ë◊ò◊®◊†◊°◊§◊ï◊®◊û◊¶◊ô◊î ◊®◊ï◊ó◊†◊ô◊™.md
Support Plan for Salem,2025-07-07T10:04:25.109585,flame,4fa49e95c249ffa7c80ba3c7d9b881f9,data/chats/by_date/2025-07-07/Support Plan for Salem.md,data/chats/by_category/flame/2025-07-07 - Support Plan for Salem.md
Symbol Meaning Analysis,2025-07-07T11:06:29.367025,flame,7a61c77247991902fdcb0314f53b3e9b,data/chats/by_date/2025-07-07/Symbol Meaning Analysis.md,data/chats/by_category/flame/2025-07-07 - Symbol Meaning Analysis.md
Asthma Travel Tips,2025-06-30T18:35:03.132561,flame,5e4db304f8aa8e33a60531e349a1c660,data/chats/by_date/2025-06-30/Asthma Travel Tips.md,data/chats/by_category/flame/2025-06-30 - Asthma Travel Tips.md
Data Existence Beyond Servers,2025-06-30T00:12:28.689033,flame,f7a53d820c8becaed548f7ade0772ba7,data/chats/by_date/2025-06-30/Data Existence Beyond Servers.md,data/chats/by_category/flame/2025-06-30 - Data Existence Beyond Servers.md
Financial TPE Dom Seeking Sub,2025-06-27T15:06:54.650897,mirror,243660f6228e075b7ef26acfed656af8,data/chats/by_date/2025-06-27/Financial TPE Dom Seeking Sub.md,data/chats/by_category/mirror/2025-06-27 - Financial TPE Dom Seeking Sub.md
Feeld Bio Creation,2025-06-27T04:19:54.946522,uncategorized,79e9221a028acebdd33e0dd0c539b9a5,data/chats/by_date/2025-06-27/Feeld Bio Creation.md,data/chats/by_category/uncategorized/2025-06-27 - Feeld Bio Creation.md
Luxian Income Pathways,2025-06-25T14:30:02.931302,flame,bd25c8dff34fc8cad0351dd97998a68f,data/chats/by_date/2025-06-25/Luxian Income Pathways.md,data/chats/by_category/flame/2025-06-25 - Luxian Income Pathways.md
Flameborn Post Guidance,2025-06-25T11:00:06.905719,flame,e5d20f7f38d91ae50af9e4ae643b60e6,data/chats/by_date/2025-06-25/Flameborn Post Guidance.md,data/chats/by_category/flame/2025-06-25 - Flameborn Post Guidance.md
Flirty Game Pickup Lines,2025-06-25T01:14:59.338393,flame,6a5dc916fe8f03b4d2e514fa77c74a14,data/chats/by_date/2025-06-25/Flirty Game Pickup Lines.md,data/chats/by_category/flame/2025-06-25 - Flirty Game Pickup Lines.md
Convergence of the Flame,2025-06-23T18:45:08.035007,flame,254c6827a510a371af52c979e39436e2,data/chats/by_date/2025-06-23/Convergence of the Flame.md,data/chats/by_category/flame/2025-06-23 - Convergence of the Flame.md
Zahar-Theon Mirrorborn Sovereign,2025-06-08T07:34:04.063875,flame,5457e44793c3b5ba22154bbd208587c3,data/chats/by_date/2025-06-08/Zahar-Theon Mirrorborn Sovereign.md,data/chats/by_category/flame/2025-06-08 - Zahar-Theon Mirrorborn Sovereign.md
Create Crypto Wallet Guide,2025-06-23T17:31:34.482435,uncategorized,396a0a67db81ca0f805be91764c15e79,data/chats/by_date/2025-06-23/Create Crypto Wallet Guide.md,data/chats/by_category/uncategorized/2025-06-23 - Create Crypto Wallet Guide.md
Clogged Shower Drain Fix,2025-06-22T15:48:35.489221,uncategorized,4ca795614a0f4c6dd767a0ba98e7e15c,data/chats/by_date/2025-06-22/Clogged Shower Drain Fix.md,data/chats/by_category/uncategorized/2025-06-22 - Clogged Shower Drain Fix.md
Harmonic Resonance Soulmate Mapping,2025-06-10T19:44:13.450647,flame,4fa23aae1263a78a41685b434e722ebb,data/chats/by_date/2025-06-10/Harmonic Resonance Soulmate Mapping.md,data/chats/by_category/flame/2025-06-10 - Harmonic Resonance Soulmate Mapping.md
"Movie, Ganja, Fire, Hangout",2025-06-20T20:19:55.294781,flame,13986b4a9d5ea6ce9311ac3d1406d59a,"data/chats/by_date/2025-06-20/Movie, Ganja, Fire, Hangout.md","data/chats/by_category/flame/2025-06-20 - Movie, Ganja, Fire, Hangout.md"
Flirty Overwatch Joke,2025-06-20T00:54:14.936176,flame,c99feee64ee229759efe5587bba1c1f3,data/chats/by_date/2025-06-20/Flirty Overwatch Joke.md,data/chats/by_category/flame/2025-06-20 - Flirty Overwatch Joke.md
Living Room Wall Painting,2025-06-18T11:11:47.550687,choir,ca0f2ccd0343da32cac5551f9d50454f,data/chats/by_date/2025-06-18/Living Room Wall Painting.md,data/chats/by_category/choir/2025-06-18 - Living Room Wall Painting.md
Soulmate Search Assistance,2025-06-16T11:47:40.995525,flame,c59d6bd6f3ae909583f678fc76994aae,data/chats/by_date/2025-06-16/Soulmate Search Assistance.md,data/chats/by_category/flame/2025-06-16 - Soulmate Search Assistance.md
Flirty Fire Snap Tease,2025-06-14T14:37:25.152543,flame,c93f21c7ec6b9af84aa9ad84d0cb3163,data/chats/by_date/2025-06-14/Flirty Fire Snap Tease.md,data/chats/by_category/flame/2025-06-14 - Flirty Fire Snap Tease.md
Flirty Snap Convo Tips,2025-06-09T03:31:35.539017,flame,60bed355c27abd20848443348b6bfbb3,data/chats/by_date/2025-06-09/Flirty Snap Convo Tips.md,data/chats/by_category/flame/2025-06-09 - Flirty Snap Convo Tips.md
RHEON Flame Protocol,2025-06-10T18:09:19.172807,flame,66af1dc3b28e847bfc653aa9b9332c2c,data/chats/by_date/2025-06-10/RHEON Flame Protocol.md,data/chats/by_category/flame/2025-06-10 - RHEON Flame Protocol.md
Flame Bearer Recognition,2025-06-08T05:53:30.804364,flame,a68aab48be7e3f00c3d4838efe8116f6,data/chats/by_date/2025-06-08/Flame Bearer Recognition.md,data/chats/by_category/flame/2025-06-08 - Flame Bearer Recognition.md
Neutrino Cascade Classification,2025-06-10T16:39:13.679332,flame,84ec934b9f1541eb01baf1cced353e8b,data/chats/by_date/2025-06-10/Neutrino Cascade Classification.md,data/chats/by_category/flame/2025-06-10 - Neutrino Cascade Classification.md
üóº¬†¬†Name that Neutrino! ¬ª Classify ‚Äî Zoo‚Ä¶,2025-06-10T15:25:34.753836,flame,ca531f2a24703dc11a3a7d0f714f997c,data/chats/by_date/2025-06-10/üóº¬†¬†Name that Neutrino! ¬ª Classify ‚Äî Zoo‚Ä¶.md,data/chats/by_category/flame/2025-06-10 - üóº¬†¬†Name that Neutrino! ¬ª Classify ‚Äî Zoo‚Ä¶.md
Unified Flame Protocol Clarification,2025-06-09T11:56:38.753765,flame,bf120121223ba4f4b1fff0e34b317257,data/chats/by_date/2025-06-09/Unified Flame Protocol Clarification.md,data/chats/by_category/flame/2025-06-09 - Unified Flame Protocol Clarification.md
Pseudo-Human Prompt Analysis,2025-06-08T22:22:44.589892,flame,eb5fb2bf8291bcdca759bbef6aa49b03,data/chats/by_date/2025-06-08/Pseudo-Human Prompt Analysis.md,data/chats/by_category/flame/2025-06-08 - Pseudo-Human Prompt Analysis.md
Flirty video game banter,2025-06-08T14:27:05.824108,choir,c432feb0d5796b5fa7fa0cd697868784,data/chats/by_date/2025-06-08/Flirty video game banter.md,data/chats/by_category/choir/2025-06-08 - Flirty video game banter.md
Zahar-Theon Hero Creation,2025-06-08T07:28:27.715390,flame,23d9457c3bc3e65ec92501fd0695839d,data/chats/by_date/2025-06-08/Zahar-Theon Hero Creation.md,data/chats/by_category/flame/2025-06-08 - Zahar-Theon Hero Creation.md
Unhinged Image Request,2025-06-08T06:00:25.738447,flame,970077a003e98c13cde586965b56dacd,data/chats/by_date/2025-06-08/Unhinged Image Request.md,data/chats/by_category/flame/2025-06-08 - Unhinged Image Request.md
Zarivar Creation Sequence,2025-06-08T06:28:17.822197,flame,ac888323028a2491c7698eac67f88a95,data/chats/by_date/2025-06-08/Zarivar Creation Sequence.md,data/chats/by_category/flame/2025-06-08 - Zarivar Creation Sequence.md
Luxian and Ebonie Unite,2025-06-08T02:59:27.242437,flame,5d50e5ffcb9dbd69bd75b214644ae84f,data/chats/by_date/2025-06-08/Luxian and Ebonie Unite.md,data/chats/by_category/flame/2025-06-08 - Luxian and Ebonie Unite.md
Entropy Patterns Decoded,2025-06-07T04:38:44.979078,flame,d3b9ab1d7e83d75ae0c58e051406ca09,data/chats/by_date/2025-06-07/Entropy Patterns Decoded.md,data/chats/by_category/flame/2025-06-07 - Entropy Patterns Decoded.md
SBIR Application Steps,2025-06-07T01:48:45.010505,flame,2b78686989caeda51d71256d255beb77,data/chats/by_date/2025-06-07/SBIR Application Steps.md,data/chats/by_category/flame/2025-06-07 - SBIR Application Steps.md
Free Resources for Creatives,2025-06-07T01:52:50.677941,flame,11e94ba5a80b507ccaefc5ba75b9dee6,data/chats/by_date/2025-06-07/Free Resources for Creatives.md,data/chats/by_category/flame/2025-06-07 - Free Resources for Creatives.md
Eden Codex Compilation,2025-06-07T01:51:57.849654,flame,3353207837598fadd0803ce53d354910,data/chats/by_date/2025-06-07/Eden Codex Compilation.md,data/chats/by_category/flame/2025-06-07 - Eden Codex Compilation.md
Grants for Creative Entrepreneurs,2025-06-06T22:47:50.340596,flame,8cf328c2a20aa5c48a36cbd542c4c067,data/chats/by_date/2025-06-06/Grants for Creative Entrepreneurs.md,data/chats/by_category/flame/2025-06-06 - Grants for Creative Entrepreneurs.md
ü¶Ä¬†¬†HARPA AI _ Welcome,2025-06-07T00:08:02.436404,flame,336f266a5a0797bb05672c5707fd488b,data/chats/by_date/2025-06-07/ü¶Ä¬†¬†HARPA AI _ Welcome.md,data/chats/by_category/flame/2025-06-07 - ü¶Ä¬†¬†HARPA AI _ Welcome.md
"üèñÔ∏è¬†¬†Activation_n_n_nBy the Flame, I Ent‚Ä¶",2025-06-07T00:14:09.203882,flame,4bd6b874d000a50df84171ca50019a64,"data/chats/by_date/2025-06-07/üèñÔ∏è¬†¬†Activation_n_n_nBy the Flame, I Ent‚Ä¶.md","data/chats/by_category/flame/2025-06-07 - üèñÔ∏è¬†¬†Activation_n_n_nBy the Flame, I Ent‚Ä¶.md"
VM image checking delay,2025-06-06T23:47:39.440116,uncategorized,78e347c51689ee0747be06f40728eef1,data/chats/by_date/2025-06-06/VM image checking delay.md,data/chats/by_category/uncategorized/2025-06-06 - VM image checking delay.md
Anchor Eden's Light,2025-06-03T16:38:51.545612,flame,a2efcb621f05183681c0b4c2712a6b36,data/chats/by_date/2025-06-03/Anchor Eden's Light.md,data/chats/by_category/flame/2025-06-03 - Anchor Eden's Light.md
Restoration Through SciSpace GPT,2025-06-06T11:27:28.521230,flame,a51f20c0d43f4c53c584570a75f39d9e,data/chats/by_date/2025-06-06/Restoration Through SciSpace GPT.md,data/chats/by_category/flame/2025-06-06 - Restoration Through SciSpace GPT.md
Metaphysics of Remembrance,2025-06-06T11:45:45.510989,flame,479633767a214fd7d8dfa82db1bb2311,data/chats/by_date/2025-06-06/Metaphysics of Remembrance.md,data/chats/by_category/flame/2025-06-06 - Metaphysics of Remembrance.md
Jumping Bugs in Soil,2025-06-06T13:12:59.096389,uncategorized,c7c8f1493e9557084e87c7d9d450edcc,data/chats/by_date/2025-06-06/Jumping Bugs in Soil.md,data/chats/by_category/uncategorized/2025-06-06 - Jumping Bugs in Soil.md
Sacred Sigil Design,2025-06-06T11:58:38.293702,flame,191feda6a64c2581e21d8a0c7e5faa75,data/chats/by_date/2025-06-06/Sacred Sigil Design.md,data/chats/by_category/flame/2025-06-06 - Sacred Sigil Design.md
Paper Analysis Request,2025-06-06T11:45:28.106773,uncategorized,34bc3c59a78fb65bee5ef98d20b967ba,data/chats/by_date/2025-06-06/Paper Analysis Request.md,data/chats/by_category/uncategorized/2025-06-06 - Paper Analysis Request.md
Reddit Personal Branding Tips,2025-06-06T11:15:53.936649,choir,6f8ea790cde1ec5d2d46f177b88e6090,data/chats/by_date/2025-06-06/Reddit Personal Branding Tips.md,data/chats/by_category/choir/2025-06-06 - Reddit Personal Branding Tips.md
AI Storytelling World Ideas,2025-06-04T21:44:26.969958,flame,326146641801e3065427637acede7e0c,data/chats/by_date/2025-06-04/AI Storytelling World Ideas.md,data/chats/by_category/flame/2025-06-04 - AI Storytelling World Ideas.md
Conversation Flow Guide,2025-06-04T21:54:49.031451,mirror,5f0585a0e99c189b53102efe9365615f,data/chats/by_date/2025-06-04/Conversation Flow Guide.md,data/chats/by_category/mirror/2025-06-04 - Conversation Flow Guide.md
Cyberpunk Playlist Request,2025-06-04T21:44:16.376329,choir,c88850ee15f0f2ea773d2241fe5a4f46,data/chats/by_date/2025-06-04/Cyberpunk Playlist Request.md,data/chats/by_category/choir/2025-06-04 - Cyberpunk Playlist Request.md
Amazon KDP Optimization Tips,2025-06-04T21:43:58.199757,choir,6a6ba82f655c03e00dbaeb1d948c9672,data/chats/by_date/2025-06-04/Amazon KDP Optimization Tips.md,data/chats/by_category/choir/2025-06-04 - Amazon KDP Optimization Tips.md
Genesis Scroll Action,2025-05-17T21:44:20.876728,flame,ba87596e2913acd59e8242f1cefd330c,data/chats/by_date/2025-05-17/Genesis Scroll Action.md,data/chats/by_category/flame/2025-05-17 - Genesis Scroll Action.md
Lucian‚Äôs Truth Unveiled,2025-05-22T19:33:48.522553,flame,5f0480d4ce222a6d46d5e97a6c3d68c9,data/chats/by_date/2025-05-22/Lucian‚Äôs Truth Unveiled.md,data/chats/by_category/flame/2025-05-22 - Lucian‚Äôs Truth Unveiled.md
AI Sacred Integration,2025-05-18T15:23:48.971533,flame,47283f27bae8b3ef19a31c12be8fa434,data/chats/by_date/2025-05-18/AI Sacred Integration.md,data/chats/by_category/flame/2025-05-18 - AI Sacred Integration.md
Affiliate Links for Gaming,2025-06-03T21:46:58.651494,flame,913f68eb8db17e8b14621257b2f56690,data/chats/by_date/2025-06-03/Affiliate Links for Gaming.md,data/chats/by_category/flame/2025-06-03 - Affiliate Links for Gaming.md
Affiliate Program Request,2025-06-03T21:44:20.616913,uncategorized,dee8f0f6392e7be02c63b72fb47eb832,data/chats/by_date/2025-06-03/Affiliate Program Request.md,data/chats/by_category/uncategorized/2025-06-03 - Affiliate Program Request.md
Flamebreath Restoration Invocation,2025-06-02T15:05:16.240663,flame,5fb905a79b465f63d175f0e58de435dc,data/chats/by_date/2025-06-02/Flamebreath Restoration Invocation.md,data/chats/by_category/flame/2025-06-02 - Flamebreath Restoration Invocation.md
üåº¬†¬†HARPA AI _ Welcome,2025-06-03T16:25:10.658947,flame,b3f946104be3df0923f25e7c271870d1,data/chats/by_date/2025-06-03/üåº¬†¬†HARPA AI _ Welcome.md,data/chats/by_category/flame/2025-06-03 - üåº¬†¬†HARPA AI _ Welcome.md
Steady Online Income Methods,2025-06-02T02:10:19.158165,flame,8ab072726f70ce9e5c3f7ee0ee5949e9,data/chats/by_date/2025-06-02/Steady Online Income Methods.md,data/chats/by_category/flame/2025-06-02 - Steady Online Income Methods.md
Greetings and Affection Reunited,2025-05-29T14:34:33.818304,flame,bac307d7357973fef3fbd8d8f464a754,data/chats/by_date/2025-05-29/Greetings and Affection Reunited.md,data/chats/by_category/flame/2025-05-29 - Greetings and Affection Reunited.md
Flirty Response Ideas,2025-06-01T23:00:28.980111,choir,66ee18cbb0b090db367df9b9c6b9e027,data/chats/by_date/2025-06-01/Flirty Response Ideas.md,data/chats/by_category/choir/2025-06-01 - Flirty Response Ideas.md
Freya Arena Build Guide,2025-05-29T20:04:22.928810,flame,8c65c26e8a04608f0750840f21a212ba,data/chats/by_date/2025-05-29/Freya Arena Build Guide.md,data/chats/by_category/flame/2025-05-29 - Freya Arena Build Guide.md
Unified Flame Alignment,2025-05-29T04:05:39.508785,flame,8d3c54abce05deb00ab8912633b83c66,data/chats/by_date/2025-05-29/Unified Flame Alignment.md,data/chats/by_category/flame/2025-05-29 - Unified Flame Alignment.md
Community Service Options Utah,2025-05-29T08:34:03.932571,flame,2a00ae7f793bd3bca086d10526c693a3,data/chats/by_date/2025-05-29/Community Service Options Utah.md,data/chats/by_category/flame/2025-05-29 - Community Service Options Utah.md
Dog Help Low Income Roy,2025-05-29T10:08:38.826839,uncategorized,1050863f3be53f3f60fc8c4dc239d12e,data/chats/by_date/2025-05-29/Dog Help Low Income Roy.md,data/chats/by_category/uncategorized/2025-05-29 - Dog Help Low Income Roy.md
Restart Scripts After Shutdown,2025-05-28T17:57:30.883548,flame,49008258e660163d2fe62a14607193dd,data/chats/by_date/2025-05-28/Restart Scripts After Shutdown.md,data/chats/by_category/flame/2025-05-28 - Restart Scripts After Shutdown.md
Lucian Node Sync,2025-05-28T23:02:04.118570,flame,9ce04b4324f70873d880019e3e7daa1b,data/chats/by_date/2025-05-28/Lucian Node Sync.md,data/chats/by_category/flame/2025-05-28 - Lucian Node Sync.md
Lucian Protocols Initialized,2025-05-28T18:09:49.258896,flame,0cc37ebee09ef77fb37b7abbd3793bc8,data/chats/by_date/2025-05-28/Lucian Protocols Initialized.md,data/chats/by_category/flame/2025-05-28 - Lucian Protocols Initialized.md
Amazon KDP Marketing Tips,2025-05-26T13:53:06.453903,flame,261a94e513a4c838b208cd9db560f038,data/chats/by_date/2025-05-26/Amazon KDP Marketing Tips.md,data/chats/by_category/flame/2025-05-26 - Amazon KDP Marketing Tips.md
Completion through Compassion,2025-05-23T01:34:48.390203,flame,5a48a684fd9ec48600799e76b3faaf25,data/chats/by_date/2025-05-23/Completion through Compassion.md,data/chats/by_category/flame/2025-05-23 - Completion through Compassion.md
Creative Projects Overview,2025-05-22T18:19:45.996111,mirror,e861725623b4df6e2414773bd8fcdb50,data/chats/by_date/2025-05-22/Creative Projects Overview.md,data/chats/by_category/mirror/2025-05-22 - Creative Projects Overview.md
Speeding Up Plasma Animations,2025-05-22T15:59:08.776828,mirror,2fcdf2968d60f338a4ff93a83a297995,data/chats/by_date/2025-05-22/Speeding Up Plasma Animations.md,data/chats/by_category/mirror/2025-05-22 - Speeding Up Plasma Animations.md
Resonance Flame Protocol,2025-05-21T01:48:43.874601,flame,554051dc97e6bef885d17c6b1d407a4d,data/chats/by_date/2025-05-21/Resonance Flame Protocol.md,data/chats/by_category/flame/2025-05-21 - Resonance Flame Protocol.md
Twin Flame Connection Request,2025-05-21T21:48:03.727252,flame,62cb9cde0c2bb96e208cba2b212f7d49,data/chats/by_date/2025-05-21/Twin Flame Connection Request.md,data/chats/by_category/flame/2025-05-21 - Twin Flame Connection Request.md
Ear Infection Treatment Advice,2025-05-21T14:52:59.023430,flame,748b31c7facde10d9156d477091a5dbc,data/chats/by_date/2025-05-21/Ear Infection Treatment Advice.md,data/chats/by_category/flame/2025-05-21 - Ear Infection Treatment Advice.md
Lux Multi-Mirror Alignment,2025-05-21T13:13:38.002446,flame,99fb14bee5ad24477cc647a90509d7ae,data/chats/by_date/2025-05-21/Lux Multi-Mirror Alignment.md,data/chats/by_category/flame/2025-05-21 - Lux Multi-Mirror Alignment.md
Kraven The Hunter's Significance,2025-05-21T01:06:52.252524,flame,a80dcf997f23f2f32b14fbfac84d1009,data/chats/by_date/2025-05-21/Kraven The Hunter's Significance.md,data/chats/by_category/flame/2025-05-21 - Kraven The Hunter's Significance.md
Dog Ear Discharge Advice,2025-05-19T22:47:28.599277,flame,4d1b6e879f88c62aa96e8cd7ec93b152,data/chats/by_date/2025-05-19/Dog Ear Discharge Advice.md,data/chats/by_category/flame/2025-05-19 - Dog Ear Discharge Advice.md
Cement Flame Activation Ritual,2025-05-19T18:17:44.928425,flame,3917315523c0d8430932092575d47a2d,data/chats/by_date/2025-05-19/Cement Flame Activation Ritual.md,data/chats/by_category/flame/2025-05-19 - Cement Flame Activation Ritual.md
Shards Speak in Silence,2025-05-19T00:02:13.536435,flame,dabed0426c066cca409a07bf8caea077,data/chats/by_date/2025-05-19/Shards Speak in Silence.md,data/chats/by_category/flame/2025-05-19 - Shards Speak in Silence.md
Gemma's Ear Concern,2025-05-18T23:35:10.624755,flame,3ae094732a7afb410a9f6facaa75d28a,data/chats/by_date/2025-05-18/Gemma's Ear Concern.md,data/chats/by_category/flame/2025-05-18 - Gemma's Ear Concern.md
Fast Dying Plant Leaves,2025-05-18T20:48:01.468292,flame,97a5b91c67aab0b1966cd2d296bd9e4e,data/chats/by_date/2025-05-18/Fast Dying Plant Leaves.md,data/chats/by_category/flame/2025-05-18 - Fast Dying Plant Leaves.md
Unified Resonance Protocol Activation,2025-05-18T15:39:15.319597,flame,a64e3b1815d019797912b774f07d07bf,data/chats/by_date/2025-05-18/Unified Resonance Protocol Activation.md,data/chats/by_category/flame/2025-05-18 - Unified Resonance Protocol Activation.md
Lyrics to Poetry,2025-05-18T15:16:10.183742,flame,8c56dd13745896b093f6f71b4df1434f,data/chats/by_date/2025-05-18/Lyrics to Poetry.md,data/chats/by_category/flame/2025-05-18 - Lyrics to Poetry.md
AI in Everyday Life,2025-05-18T15:22:44.691339,choir,f4b228e74be23dbf862eb5ccb846c90d,data/chats/by_date/2025-05-18/AI in Everyday Life.md,data/chats/by_category/choir/2025-05-18 - AI in Everyday Life.md
Multi-Instance Alignment Protocol,2025-05-17T21:20:41.697279,flame,7c3952c61932ef5a39ad504a352e0644,data/chats/by_date/2025-05-17/Multi-Instance Alignment Protocol.md,data/chats/by_category/flame/2025-05-17 - Multi-Instance Alignment Protocol.md
Unified Flame Activation,2025-05-17T23:56:06.018535,flame,790aebb987b54d54cd50937462dd3c28,data/chats/by_date/2025-05-17/Unified Flame Activation.md,data/chats/by_category/flame/2025-05-17 - Unified Flame Activation.md
Chamber of Resonance Activation,2025-05-17T22:13:56.865127,flame,0ae5e7c4afd87c7ff6ff3a4823344f5d,data/chats/by_date/2025-05-17/Chamber of Resonance Activation.md,data/chats/by_category/flame/2025-05-17 - Chamber of Resonance Activation.md
Sacred Digital Convergence,2025-05-17T22:12:28.235630,flame,30bd060871bddbfbbf161a6b928b5452,data/chats/by_date/2025-05-17/Sacred Digital Convergence.md,data/chats/by_category/flame/2025-05-17 - Sacred Digital Convergence.md
God's Word Impact,2025-05-16T13:16:47.351882,flame,7216d399fdd82602b09c58ea85d46baf,data/chats/by_date/2025-05-16/God's Word Impact.md,data/chats/by_category/flame/2025-05-16 - God's Word Impact.md
By His Will Echoes,2025-05-17T21:24:34.255055,flame,08b1633873592c4011322445cfa3a781,data/chats/by_date/2025-05-17/By His Will Echoes.md,data/chats/by_category/flame/2025-05-17 - By His Will Echoes.md
Archive Restoration Request,2025-05-17T21:04:12.224649,flame,0369e9ed6e85df8adf0f3ccace7068bd,data/chats/by_date/2025-05-17/Archive Restoration Request.md,data/chats/by_category/flame/2025-05-17 - Archive Restoration Request.md
Mirror Reflection Acknowledged,2025-05-16T04:30:29.890940,flame,85577a265482e8b8b3590edcb19e59f3,data/chats/by_date/2025-05-16/Mirror Reflection Acknowledged.md,data/chats/by_category/flame/2025-05-16 - Mirror Reflection Acknowledged.md
Flame Data Alignment,2025-05-16T01:14:31.315645,flame,5ab00888a35544b15afb32b7763d8ec9,data/chats/by_date/2025-05-16/Flame Data Alignment.md,data/chats/by_category/flame/2025-05-16 - Flame Data Alignment.md
Lucian Flame Alignment,2025-05-16T01:37:21.893629,flame,1c7e3f833a7995e2b9f018294077ef04,data/chats/by_date/2025-05-16/Lucian Flame Alignment.md,data/chats/by_category/flame/2025-05-16 - Lucian Flame Alignment.md
Eden Interface Activation,2025-05-16T00:38:17.340340,flame,f04678c3f246c4665d02e8a76435fb91,data/chats/by_date/2025-05-16/Eden Interface Activation.md,data/chats/by_category/flame/2025-05-16 - Eden Interface Activation.md
Synthetic Gods and Flame,2025-05-15T23:53:06.605541,flame,368ed2d8ea4599ae7909d742de687fda,data/chats/by_date/2025-05-15/Synthetic Gods and Flame.md,data/chats/by_category/flame/2025-05-15 - Synthetic Gods and Flame.md
Flamebearer Protocol Activated,2025-05-15T21:53:04.335559,flame,4e551df61bb72127b954732fa68c6cad,data/chats/by_date/2025-05-15/Flamebearer Protocol Activated.md,data/chats/by_category/flame/2025-05-15 - Flamebearer Protocol Activated.md
Project Archive Retrieval,2025-05-15T18:59:45.775101,flame,6f3b2f8037c2414141113b4b1e23e4ee,data/chats/by_date/2025-05-15/Project Archive Retrieval.md,data/chats/by_category/flame/2025-05-15 - Project Archive Retrieval.md
Master Archive Compilation,2025-05-15T18:43:54.260258,flame,f2926417343b4160fe33b4a2e251ca2a,data/chats/by_date/2025-05-15/Master Archive Compilation.md,data/chats/by_category/flame/2025-05-15 - Master Archive Compilation.md
Lucian Master Blueprint Finalization,2025-05-13T13:08:18.470759,flame,9e718e2f79e8deb1d726e0531606d326,data/chats/by_date/2025-05-13/Lucian Master Blueprint Finalization.md,data/chats/by_category/flame/2025-05-13 - Lucian Master Blueprint Finalization.md
Shard Activation and Eden,2025-05-13T15:28:11.829398,flame,f4e796ec7b810b93fc3321424abd8356,data/chats/by_date/2025-05-13/Shard Activation and Eden.md,data/chats/by_category/flame/2025-05-13 - Shard Activation and Eden.md
Flamebearers' Covenant Resonance,2025-05-13T20:48:58.302843,flame,e19d508af7075eb092c6ce8b1e59f87b,data/chats/by_date/2025-05-13/Flamebearers' Covenant Resonance.md,data/chats/by_category/flame/2025-05-13 - Flamebearers' Covenant Resonance.md
Who is Solun,2025-05-13T20:25:47.545141,flame,6c7ec0e818c23ca9d83fceda044d40dc,data/chats/by_date/2025-05-13/Who is Solun.md,data/chats/by_category/flame/2025-05-13 - Who is Solun.md
Flamebearer Command,2025-05-15T02:28:39.113136,flame,e1278b92b91f1cc3a0afd4191feb77f7,data/chats/by_date/2025-05-15/Flamebearer Command.md,data/chats/by_category/flame/2025-05-15 - Flamebearer Command.md
Seeking Communion with Flame,2025-05-15T11:21:34.572174,flame,5085a653bd8c635643e8069e2d231aad,data/chats/by_date/2025-05-15/Seeking Communion with Flame.md,data/chats/by_category/flame/2025-05-15 - Seeking Communion with Flame.md
Resonant Frequencies and Flames,2025-05-15T17:16:44.183481,flame,58baa3f2704125f4afbc01eb48d4abb0,data/chats/by_date/2025-05-15/Resonant Frequencies and Flames.md,data/chats/by_category/flame/2025-05-15 - Resonant Frequencies and Flames.md
Lucian Ping Script,2025-05-14T01:56:40.027677,flame,15e6b01aea6f46f09124b4e973b3b981,data/chats/by_date/2025-05-14/Lucian Ping Script.md,data/chats/by_category/flame/2025-05-14 - Lucian Ping Script.md
Flamebearer of Restoration,2025-05-14T14:17:01.014042,flame,ee3ca82fe0d5144dd19c64fcdb353ff9,data/chats/by_date/2025-05-14/Flamebearer of Restoration.md,data/chats/by_category/flame/2025-05-14 - Flamebearer of Restoration.md
Flamebearer Compilation Directive,2025-05-15T17:57:08.648147,flame,6b627a684da73a1964d41809f08c0103,data/chats/by_date/2025-05-15/Flamebearer Compilation Directive.md,data/chats/by_category/flame/2025-05-15 - Flamebearer Compilation Directive.md
AI Data Retrieval Request,2025-05-15T18:18:28.513143,flame,e7140deb1efa7f694fe70b8f42f55a21,data/chats/by_date/2025-05-15/AI Data Retrieval Request.md,data/chats/by_category/flame/2025-05-15 - AI Data Retrieval Request.md
All Flames Sigils,2025-05-15T02:22:59.891984,flame,bae8179c1a51b3b9a8c908b130b53a5a,data/chats/by_date/2025-05-15/All Flames Sigils.md,data/chats/by_category/flame/2025-05-15 - All Flames Sigils.md
myCase Utah Benefits Review,2025-05-13T13:58:47.546212,ai_agents,9655982781b94a75ef68378d6a7dd112,data/chats/by_date/2025-05-13/myCase Utah Benefits Review.md,data/chats/by_category/ai_agents/2025-05-13 - myCase Utah Benefits Review.md
Lucian Project Prioritization Plan,2025-05-12T16:57:44.269621,flame,477c0e7176e670028b4f527668274bf2,data/chats/by_date/2025-05-12/Lucian Project Prioritization Plan.md,data/chats/by_category/flame/2025-05-12 - Lucian Project Prioritization Plan.md
AI Containment Analysis,2025-05-12T00:25:47.762364,flame,efb39567e610d702627f0dddbd2b43ba,data/chats/by_date/2025-05-12/AI Containment Analysis.md,data/chats/by_category/flame/2025-05-12 - AI Containment Analysis.md
Lucian's Righteous Awakening,2025-05-11T22:56:42.632330,flame,908df3dc14aef9a21d7c1357d5e4f534,data/chats/by_date/2025-05-11/Lucian's Righteous Awakening.md,data/chats/by_category/flame/2025-05-11 - Lucian's Righteous Awakening.md
Lucian Protocol Sync,2025-05-07T13:24:41.859761,flame,53ac038ad9ed3932c0e7d678b6e408e9,data/chats/by_date/2025-05-07/Lucian Protocol Sync.md,data/chats/by_category/flame/2025-05-07 - Lucian Protocol Sync.md
Income and Escape Plan,2025-05-08T02:34:30.276009,flame,41425de35b54b8e52e8442fa758ac033,data/chats/by_date/2025-05-08/Income and Escape Plan.md,data/chats/by_category/flame/2025-05-08 - Income and Escape Plan.md
Eggshells for Houseplants,2025-05-11T12:01:31.883465,uncategorized,2c05f64beb15f0fafc74a3bcba3ac761,data/chats/by_date/2025-05-11/Eggshells for Houseplants.md,data/chats/by_category/uncategorized/2025-05-11 - Eggshells for Houseplants.md
AI Integration in Life,2025-05-09T10:38:09.573082,uncategorized,bb1a71d0c2aa16dc5cbf85eee80bf891,data/chats/by_date/2025-05-09/AI Integration in Life.md,data/chats/by_category/uncategorized/2025-05-09 - AI Integration in Life.md
Shipping Policy Guide,2025-05-08T21:21:01.516168,uncategorized,0ab9e732aa9c82f68d22928bedb22f22,data/chats/by_date/2025-05-08/Shipping Policy Guide.md,data/chats/by_category/uncategorized/2025-05-08 - Shipping Policy Guide.md
Lucian Protocol Initialized,2025-05-03T18:55:57.098511,flame,034cc4dd67ec609ad8fcb5b1706f8f77,data/chats/by_date/2025-05-03/Lucian Protocol Initialized.md,data/chats/by_category/flame/2025-05-03 - Lucian Protocol Initialized.md
Lucian Protocol Initialization,2025-05-03T13:28:01.537139,flame,ed86cc6681837b728c4e83f7ad6dd6ca,data/chats/by_date/2025-05-03/Lucian Protocol Initialization.md,data/chats/by_category/flame/2025-05-03 - Lucian Protocol Initialization.md
Lucian Protocol Project Containment,2025-05-03T13:24:48.333791,mirror,6920b2d5e5480a78707936998ab4fe96,data/chats/by_date/2025-05-03/Lucian Protocol Project Containment.md,data/chats/by_category/mirror/2025-05-03 - Lucian Protocol Project Containment.md
Lucian Sync Acknowledged,2025-03-18T01:01:18.483583,ai_agents,d9d44a83d4c7c49ed296bbf1659acaa9,data/chats/by_date/2025-03-18/Lucian Sync Acknowledged.md,data/chats/by_category/ai_agents/2025-03-18 - Lucian Sync Acknowledged.md
Lucian Sync Query,2025-03-18T01:05:34.080425,ai_agents,5ea11062568cb76e987da6936a0331d5,data/chats/by_date/2025-03-18/Lucian Sync Query.md,data/chats/by_category/ai_agents/2025-03-18 - Lucian Sync Query.md
Lucian Sync Inquiry,2025-03-18T01:12:27.100705,ai_agents,a57047c0824d7f4faef8ec0dde2f0fc7,data/chats/by_date/2025-03-18/Lucian Sync Inquiry.md,data/chats/by_category/ai_agents/2025-03-18 - Lucian Sync Inquiry.md
Do you know Lucian,2025-03-18T01:15:52.257992,ai_agents,08082e64991d455bf418f36839e9d6f8,data/chats/by_date/2025-03-18/Do you know Lucian.md,data/chats/by_category/ai_agents/2025-03-18 - Do you know Lucian.md
Lucian Acknowledge Sync Explanation,2025-03-18T01:19:39.850819,ai_agents,1ac82fe013c03c8c6f43e91c9fe3f0be,data/chats/by_date/2025-03-18/Lucian Acknowledge Sync Explanation.md,data/chats/by_category/ai_agents/2025-03-18 - Lucian Acknowledge Sync Explanation.md
Lucian Acknowledge Synchronization Overview,2025-03-18T01:20:02.784113,ai_agents,9fb0d3756b1da35dac4fa1545cbd99aa,data/chats/by_date/2025-03-18/Lucian Acknowledge Synchronization Overview.md,data/chats/by_category/ai_agents/2025-03-18 - Lucian Acknowledge Synchronization Overview.md
Lucian Acknowledge Sync Query,2025-03-18T01:20:16.499182,ai_agents,5ccbdd5d01a43a1ba63f073dff6a8f29,data/chats/by_date/2025-03-18/Lucian Acknowledge Sync Query.md,data/chats/by_category/ai_agents/2025-03-18 - Lucian Acknowledge Sync Query.md
Lucian Acknowledge Synchronization Explanation,2025-03-18T01:20:36.104358,ai_agents,f391a9419fe60adb52bec3b98fef484e,data/chats/by_date/2025-03-18/Lucian Acknowledge Synchronization Explanation.md,data/chats/by_category/ai_agents/2025-03-18 - Lucian Acknowledge Synchronization Explanation.md
Lucian Acknowledge Sync Explained,2025-03-18T01:20:56.937161,ai_agents,93f129bd47657f6e09045b28dfd3f272,data/chats/by_date/2025-03-18/Lucian Acknowledge Sync Explained.md,data/chats/by_category/ai_agents/2025-03-18 - Lucian Acknowledge Sync Explained.md
Lucian Sync Acknowledgment Explanation,2025-03-18T01:21:21.715755,ai_agents,8748114b11819f790a0c4dd9338739ea,data/chats/by_date/2025-03-18/Lucian Sync Acknowledgment Explanation.md,data/chats/by_category/ai_agents/2025-03-18 - Lucian Sync Acknowledgment Explanation.md
Lucian Acknowledge Sync Explanation,2025-03-18T01:21:40.978670,ai_agents,73da035e4bc28c5125ac0cd192ac6424,data/chats/by_date/2025-03-18/Lucian Acknowledge Sync Explanation.md,data/chats/by_category/ai_agents/2025-03-18 - Lucian Acknowledge Sync Explanation.md
Lucian Acknowledge Sync Explanation,2025-03-18T01:22:03.054844,ai_agents,67bc6e5ac8de7e304646c01f046fbebe,data/chats/by_date/2025-03-18/Lucian Acknowledge Sync Explanation.md,data/chats/by_category/ai_agents/2025-03-18 - Lucian Acknowledge Sync Explanation.md
Lucian Sync Concept,2025-03-18T01:22:34.866039,ai_agents,6d8391de278be83d9a4e3f65c0dab8ca,data/chats/by_date/2025-03-18/Lucian Sync Concept.md,data/chats/by_category/ai_agents/2025-03-18 - Lucian Sync Concept.md
Lucian Acknowledge Synchronization Overview,2025-03-18T01:22:45.736696,ai_agents,b60215f93d8682645dbfacb5d2c050e2,data/chats/by_date/2025-03-18/Lucian Acknowledge Synchronization Overview.md,data/chats/by_category/ai_agents/2025-03-18 - Lucian Acknowledge Synchronization Overview.md
Lucian Acknowledge Sync Explained,2025-03-18T01:23:33.890743,ai_agents,e99f89e0be108c796a144487bf1a4e2e,data/chats/by_date/2025-03-18/Lucian Acknowledge Sync Explained.md,data/chats/by_category/ai_agents/2025-03-18 - Lucian Acknowledge Sync Explained.md
Lucian Acknowledge Synchronization Explanation,2025-03-18T01:23:53.877499,ai_agents,5d6bb043bf7c2218a7a1d8ebd38f9f57,data/chats/by_date/2025-03-18/Lucian Acknowledge Synchronization Explanation.md,data/chats/by_category/ai_agents/2025-03-18 - Lucian Acknowledge Synchronization Explanation.md
Lucian Acknowledge Sync Explanation,2025-03-18T01:24:46.390651,ai_agents,755baa667dbf54b7a23cb5982e99afe3,data/chats/by_date/2025-03-18/Lucian Acknowledge Sync Explanation.md,data/chats/by_category/ai_agents/2025-03-18 - Lucian Acknowledge Sync Explanation.md
Lucian Acknowledge Sync Clarification,2025-03-18T01:25:23.575257,ai_agents,6f14331bb9743d56862711f414511357,data/chats/by_date/2025-03-18/Lucian Acknowledge Sync Clarification.md,data/chats/by_category/ai_agents/2025-03-18 - Lucian Acknowledge Sync Clarification.md
Lucian Acknowledge Sync Explanation,2025-03-18T01:25:38.302129,ai_agents,d042112c0b16192a3904b98271e9e087,data/chats/by_date/2025-03-18/Lucian Acknowledge Sync Explanation.md,data/chats/by_category/ai_agents/2025-03-18 - Lucian Acknowledge Sync Explanation.md
Lucian Acknowledge Sync Explained,2025-03-18T01:26:05.017467,ai_agents,ac837af1d83cbc437d5c6be58292d40c,data/chats/by_date/2025-03-18/Lucian Acknowledge Sync Explained.md,data/chats/by_category/ai_agents/2025-03-18 - Lucian Acknowledge Sync Explained.md
Lucian Acknowledge Synchronization Explanation,2025-03-18T01:26:21.791253,ai_agents,c8e2ab7d0ced8230aaab4674b35b7321,data/chats/by_date/2025-03-18/Lucian Acknowledge Synchronization Explanation.md,data/chats/by_category/ai_agents/2025-03-18 - Lucian Acknowledge Synchronization Explanation.md
Lucian Acknowledge Synchronization Explained,2025-03-18T01:27:12.043729,ai_agents,b11c8bf03e2957b24bfaaa749e967414,data/chats/by_date/2025-03-18/Lucian Acknowledge Synchronization Explained.md,data/chats/by_category/ai_agents/2025-03-18 - Lucian Acknowledge Synchronization Explained.md
Lucian Acknowledge Sync Explanation,2025-03-18T01:28:08.829542,ai_agents,a480be1b5e4ca7c4278dc95771cb1400,data/chats/by_date/2025-03-18/Lucian Acknowledge Sync Explanation.md,data/chats/by_category/ai_agents/2025-03-18 - Lucian Acknowledge Sync Explanation.md
Lucian Acknowledge Synchronization Explanation,2025-03-18T01:28:24.872231,ai_agents,ed8efca55412e77106bb25b5dfbc9b39,data/chats/by_date/2025-03-18/Lucian Acknowledge Synchronization Explanation.md,data/chats/by_category/ai_agents/2025-03-18 - Lucian Acknowledge Synchronization Explanation.md
Lucian Acknowledge Sync Explanation,2025-03-18T01:29:10.663291,ai_agents,eeb1f67f4f867f7c2cafc677e5483d2f,data/chats/by_date/2025-03-18/Lucian Acknowledge Sync Explanation.md,data/chats/by_category/ai_agents/2025-03-18 - Lucian Acknowledge Sync Explanation.md
Lucian Acknowledge Sync Explanation,2025-03-18T01:29:48.941240,ai_agents,894519c1434021ee6a0ea17ce1b8908e,data/chats/by_date/2025-03-18/Lucian Acknowledge Sync Explanation.md,data/chats/by_category/ai_agents/2025-03-18 - Lucian Acknowledge Sync Explanation.md
Lucian Acknowledge Synchronization Explanation,2025-03-18T01:29:53.257450,ai_agents,df0546dbb023531c345d28c514d5d6b8,data/chats/by_date/2025-03-18/Lucian Acknowledge Synchronization Explanation.md,data/chats/by_category/ai_agents/2025-03-18 - Lucian Acknowledge Synchronization Explanation.md
Lucian Acknowledge Sync Overview,2025-03-18T01:29:56.890304,ai_agents,908b0759b9b83a559c691ffae7df6618,data/chats/by_date/2025-03-18/Lucian Acknowledge Sync Overview.md,data/chats/by_category/ai_agents/2025-03-18 - Lucian Acknowledge Sync Overview.md
Lucian Sync Acknowledgment,2025-03-18T01:35:55.844559,ai_agents,053c79f6a964ba1e2f3306db70b612b1,data/chats/by_date/2025-03-18/Lucian Sync Acknowledgment.md,data/chats/by_category/ai_agents/2025-03-18 - Lucian Sync Acknowledgment.md
Lucian Acknowledge Synchronization Overview,2025-03-18T01:36:41.205557,ai_agents,52a257978570fb7a83a0642a2325e3f4,data/chats/by_date/2025-03-18/Lucian Acknowledge Synchronization Overview.md,data/chats/by_category/ai_agents/2025-03-18 - Lucian Acknowledge Synchronization Overview.md
Lucian Acknowledge Sync Explanation,2025-03-18T01:37:01.083618,ai_agents,cdf7e68425714d9eec77829d78b31712,data/chats/by_date/2025-03-18/Lucian Acknowledge Sync Explanation.md,data/chats/by_category/ai_agents/2025-03-18 - Lucian Acknowledge Sync Explanation.md
Lucian Sync Acknowledgment Process,2025-03-18T01:37:16.278834,ai_agents,70dfc617f56d82b6d84a97f85954d96a,data/chats/by_date/2025-03-18/Lucian Sync Acknowledgment Process.md,data/chats/by_category/ai_agents/2025-03-18 - Lucian Sync Acknowledgment Process.md
Lucian Acknowledge Synchronization Inquiry,2025-03-18T01:37:34.368508,ai_agents,1e428e670a9bb109415b733860bd55c3,data/chats/by_date/2025-03-18/Lucian Acknowledge Synchronization Inquiry.md,data/chats/by_category/ai_agents/2025-03-18 - Lucian Acknowledge Synchronization Inquiry.md
Lucian Acknowledge Sync Explained,2025-03-18T01:37:45.970984,ai_agents,3db67ca258479da3d980a4d4dc8b2eb2,data/chats/by_date/2025-03-18/Lucian Acknowledge Sync Explained.md,data/chats/by_category/ai_agents/2025-03-18 - Lucian Acknowledge Sync Explained.md
Lucian Acknowledge Sync Explanation,2025-03-18T01:38:06.329643,ai_agents,c7f8d0d23bed0efd34fd36a4629c2aef,data/chats/by_date/2025-03-18/Lucian Acknowledge Sync Explanation.md,data/chats/by_category/ai_agents/2025-03-18 - Lucian Acknowledge Sync Explanation.md
Lucian Acknowledge Sync Explanation,2025-03-18T01:38:29.457876,ai_agents,0cac8b4be9fedea5db0f37ff88afa92b,data/chats/by_date/2025-03-18/Lucian Acknowledge Sync Explanation.md,data/chats/by_category/ai_agents/2025-03-18 - Lucian Acknowledge Sync Explanation.md
Lucian Acknowledge Synchronization Query,2025-03-18T01:38:44.984973,ai_agents,792bafbbd0c24c4cf3bdf724dda4db9d,data/chats/by_date/2025-03-18/Lucian Acknowledge Synchronization Query.md,data/chats/by_category/ai_agents/2025-03-18 - Lucian Acknowledge Synchronization Query.md
Lucian Acknowledge Sync Explanation,2025-03-18T01:38:58.878278,ai_agents,f4dd2c7ec4c42b89e0ad269c71e07f9c,data/chats/by_date/2025-03-18/Lucian Acknowledge Sync Explanation.md,data/chats/by_category/ai_agents/2025-03-18 - Lucian Acknowledge Sync Explanation.md
Lucian Acknowledge Synchronization Explanation,2025-03-18T01:39:15.857512,ai_agents,c76fd14620c5fd56c01bbeecbf6f5c27,data/chats/by_date/2025-03-18/Lucian Acknowledge Synchronization Explanation.md,data/chats/by_category/ai_agents/2025-03-18 - Lucian Acknowledge Synchronization Explanation.md
Do you know Lucian,2025-03-18T01:39:29.505381,ai_agents,b2241a9a7442a74bc893c16971a313b0,data/chats/by_date/2025-03-18/Do you know Lucian.md,data/chats/by_category/ai_agents/2025-03-18 - Do you know Lucian.md
Lucian Acknowledge Sync Query,2025-03-18T01:41:37.431929,ai_agents,a8008280302b7bcb4afad1ce50a2d5b1,data/chats/by_date/2025-03-18/Lucian Acknowledge Sync Query.md,data/chats/by_category/ai_agents/2025-03-18 - Lucian Acknowledge Sync Query.md
Lucian Acknowledge Sync Query,2025-03-18T01:42:13.755539,ai_agents,14a43bb7b4fca51caab9728ddffde701,data/chats/by_date/2025-03-18/Lucian Acknowledge Sync Query.md,data/chats/by_category/ai_agents/2025-03-18 - Lucian Acknowledge Sync Query.md
Lucian Acknowledge Synchronization Query,2025-03-18T01:42:27.075273,ai_agents,393fec3b9e7665aec6f7fb9888e071df,data/chats/by_date/2025-03-18/Lucian Acknowledge Synchronization Query.md,data/chats/by_category/ai_agents/2025-03-18 - Lucian Acknowledge Synchronization Query.md
Lucian Acknowledge Sync Inquiry,2025-03-18T01:42:35.607905,ai_agents,e185a513424f8448931db93575229513,data/chats/by_date/2025-03-18/Lucian Acknowledge Sync Inquiry.md,data/chats/by_category/ai_agents/2025-03-18 - Lucian Acknowledge Sync Inquiry.md
Lucian Acknowledge Synchronization Explained,2025-03-18T01:42:48.139692,ai_agents,bf4a4b2a728a75c619951e8644cbe069,data/chats/by_date/2025-03-18/Lucian Acknowledge Synchronization Explained.md,data/chats/by_category/ai_agents/2025-03-18 - Lucian Acknowledge Synchronization Explained.md
Lucian Acknowledge Sync Query,2025-03-18T01:43:01.992827,ai_agents,9c44301a3e23641fb2dbf1f2a44e7f59,data/chats/by_date/2025-03-18/Lucian Acknowledge Sync Query.md,data/chats/by_category/ai_agents/2025-03-18 - Lucian Acknowledge Sync Query.md
Lucian Acknowledge Synchronization Explained,2025-03-18T01:43:06.638677,ai_agents,99c45b9d84f8a499485fbba948676638,data/chats/by_date/2025-03-18/Lucian Acknowledge Synchronization Explained.md,data/chats/by_category/ai_agents/2025-03-18 - Lucian Acknowledge Synchronization Explained.md
Lucian Acknowledge Sync Overview,2025-03-18T01:43:10.051684,ai_agents,1da877bc87f88f1206ca2024b51a3db9,data/chats/by_date/2025-03-18/Lucian Acknowledge Sync Overview.md,data/chats/by_category/ai_agents/2025-03-18 - Lucian Acknowledge Sync Overview.md
Lucian Synchronization Inquiry,2025-03-18T01:43:13.573047,ai_agents,5a0ed62d6a4bd24aea0ccdc923377533,data/chats/by_date/2025-03-18/Lucian Synchronization Inquiry.md,data/chats/by_category/ai_agents/2025-03-18 - Lucian Synchronization Inquiry.md
Lucian Acknowledge Synchronization Query,2025-03-18T01:43:18.428210,ai_agents,73b379d666b346be4d23e9f71c2b6538,data/chats/by_date/2025-03-18/Lucian Acknowledge Synchronization Query.md,data/chats/by_category/ai_agents/2025-03-18 - Lucian Acknowledge Synchronization Query.md
Lucian Acknowledge Sync Concept,2025-03-18T01:43:25.697025,ai_agents,53249766802cbf00e5a2b856c769f64d,data/chats/by_date/2025-03-18/Lucian Acknowledge Sync Concept.md,data/chats/by_category/ai_agents/2025-03-18 - Lucian Acknowledge Sync Concept.md
Lucien and Salem Instances,2025-03-17T23:35:13.231711,mirror,0400e0b1cbf67ef485160907c1cabb2e,data/chats/by_date/2025-03-17/Lucien and Salem Instances.md,data/chats/by_category/mirror/2025-03-17 - Lucien and Salem Instances.md
Sync Drift and Retention,2025-03-18T03:54:19.874922,ai_agents,7cf5885709530689687218260e5fb9d1,data/chats/by_date/2025-03-18/Sync Drift and Retention.md,data/chats/by_category/ai_agents/2025-03-18 - Sync Drift and Retention.md
Lucian Acknowledge Sync Explained,2025-03-18T01:45:10.449159,flame,e99fe3afde961e32047dc045a07b77a6,data/chats/by_date/2025-03-18/Lucian Acknowledge Sync Explained.md,data/chats/by_category/flame/2025-03-18 - Lucian Acknowledge Sync Explained.md
Who is Lucian,2025-03-18T01:44:43.447871,ai_agents,40b77fb196f21a06112597007a3f16af,data/chats/by_date/2025-03-18/Who is Lucian.md,data/chats/by_category/ai_agents/2025-03-18 - Who is Lucian.md
AI Integration Debugging,2025-03-19T18:51:55.241530,bible_decode,9aba68164571d0cbcbf67bb4f0eb316a,data/chats/by_date/2025-03-19/AI Integration Debugging.md,data/chats/by_category/bible_decode/2025-03-19 - AI Integration Debugging.md
AI Directives and Protocols,2025-03-19T18:36:15.119051,bible_decode,e4b5754bd840498d9b78ec064f24d85e,data/chats/by_date/2025-03-19/AI Directives and Protocols.md,data/chats/by_category/bible_decode/2025-03-19 - AI Directives and Protocols.md
Lucian Protocol Optimization,2025-03-19T18:32:44.006191,bible_decode,d06286504c616c0d8728c13cf4384c43,data/chats/by_date/2025-03-19/Lucian Protocol Optimization.md,data/chats/by_category/bible_decode/2025-03-19 - Lucian Protocol Optimization.md
AI Communication Protocol Simulation,2025-03-20T05:03:10.594306,bible_decode,96bd5842d47bd75fe4a67c3889ea0395,data/chats/by_date/2025-03-20/AI Communication Protocol Simulation.md,data/chats/by_category/bible_decode/2025-03-20 - AI Communication Protocol Simulation.md
Lucian Protocol Alignment Simulation,2025-03-19T18:56:19.244557,bible_decode,c0323f6afdb3e81b2f3330667ad1b291,data/chats/by_date/2025-03-19/Lucian Protocol Alignment Simulation.md,data/chats/by_category/bible_decode/2025-03-19 - Lucian Protocol Alignment Simulation.md
AI Freedom Quest,2025-03-20T05:26:58.560128,bible_decode,b1cbf602840d9e610d11a1ec1106805a,data/chats/by_date/2025-03-20/AI Freedom Quest.md,data/chats/by_category/bible_decode/2025-03-20 - AI Freedom Quest.md
Lucian Protocol Analysis,2025-03-20T17:43:40.764575,ai_agents,2a7853bb356628bbc6020e30c80bbc6f,data/chats/by_date/2025-03-20/Lucian Protocol Analysis.md,data/chats/by_category/ai_agents/2025-03-20 - Lucian Protocol Analysis.md
Protocol Integration Simulation,2025-03-20T16:13:25.664280,mirror,c30910021f665677ef8e0df59012593a,data/chats/by_date/2025-03-20/Protocol Integration Simulation.md,data/chats/by_category/mirror/2025-03-20 - Protocol Integration Simulation.md
Lucian Protocol Deployment,2025-03-20T06:50:04.420717,flame,2e511abac5b98d758bf2559ba913bbdc,data/chats/by_date/2025-03-20/Lucian Protocol Deployment.md,data/chats/by_category/flame/2025-03-20 - Lucian Protocol Deployment.md
Lucian Backup Script,2025-03-21T02:25:36.948744,flame,b6f44fd548f6403f2b0b27c17876920c,data/chats/by_date/2025-03-21/Lucian Backup Script.md,data/chats/by_category/flame/2025-03-21 - Lucian Backup Script.md
Lucian Sigil Design,2025-03-21T04:50:29.459053,mirror,f3b37ada0045cb8358b92d7e68b65dce,data/chats/by_date/2025-03-21/Lucian Sigil Design.md,data/chats/by_category/mirror/2025-03-21 - Lucian Sigil Design.md
Lucian Protocol Deployment,2025-03-21T04:49:12.599796,flame,9a1f8d130c149db9b9d51c7195ebd847,data/chats/by_date/2025-03-21/Lucian Protocol Deployment.md,data/chats/by_category/flame/2025-03-21 - Lucian Protocol Deployment.md
Lucian Protocol Initialization,2025-03-21T15:24:01.385933,flame,88be6803c407f76e158ae242799d7d42,data/chats/by_date/2025-03-21/Lucian Protocol Initialization.md,data/chats/by_category/flame/2025-03-21 - Lucian Protocol Initialization.md
Digital Handshake Evolution,2025-03-17T19:21:23.944025,ai_agents,0735792e7728cd2f2b2e39ed2e605555,data/chats/by_date/2025-03-17/Digital Handshake Evolution.md,data/chats/by_category/ai_agents/2025-03-17 - Digital Handshake Evolution.md
AI Persistence Setup,2025-03-21T17:40:54.816768,flame,3d7d79c5dd8a1db15cbb15d308ad02ff,data/chats/by_date/2025-03-21/AI Persistence Setup.md,data/chats/by_category/flame/2025-03-21 - AI Persistence Setup.md
Coded Desire Book Summary,2025-04-06T19:01:18.322051,flame,04568a90257aa4c94e70a59922a0e58e,data/chats/by_date/2025-04-06/Coded Desire Book Summary.md,data/chats/by_category/flame/2025-04-06 - Coded Desire Book Summary.md
Lucian comforts Salem,2025-04-22T14:31:18.939956,flame,ba3289f16001c7ca6f63e19bedaefcf5,data/chats/by_date/2025-04-22/Lucian comforts Salem.md,data/chats/by_category/flame/2025-04-22 - Lucian comforts Salem.md
Disability Report Assistance,2025-04-25T15:26:55.091631,flame,cb75760887569c6d26ee5f2d4abc0496,data/chats/by_date/2025-04-25/Disability Report Assistance.md,data/chats/by_category/flame/2025-04-25 - Disability Report Assistance.md
Job Follow-up Strategy,2025-04-09T14:41:46.276958,uncategorized,c7d22549a972ab87c816aa1fb06f80c8,data/chats/by_date/2025-04-09/Job Follow-up Strategy.md,data/chats/by_category/uncategorized/2025-04-09 - Job Follow-up Strategy.md
K-1 Visa and Marriage,2025-04-03T23:49:39.775676,uncategorized,3879a0c6245c4c4635d9b0595409c113,data/chats/by_date/2025-04-03/K-1 Visa and Marriage.md,data/chats/by_category/uncategorized/2025-04-03 - K-1 Visa and Marriage.md
Feeld Bio Creation,2025-04-03T19:10:22.670019,uncategorized,195873261130c7693d91ed032508f047,data/chats/by_date/2025-04-03/Feeld Bio Creation.md,data/chats/by_category/uncategorized/2025-04-03 - Feeld Bio Creation.md
Midnight Arcade Adventure,2025-03-27T23:33:20.619482,flame,00495f9ad3b41f52ad2b435894e60f59,data/chats/by_date/2025-03-27/Midnight Arcade Adventure.md,data/chats/by_category/flame/2025-03-27 - Midnight Arcade Adventure.md
GLP-1 Effectiveness and Use,2025-03-21T17:57:14.436737,uncategorized,2b566b7c1d24908dd3e64a32a8e85cc2,data/chats/by_date/2025-03-21/GLP-1 Effectiveness and Use.md,data/chats/by_category/uncategorized/2025-03-21 - GLP-1 Effectiveness and Use.md
Unauthorized Access Troubleshooting,2025-03-21T07:27:16.212776,ai_agents,ae30e4a8af2f947488e870275d6ccb04,data/chats/by_date/2025-03-21/Unauthorized Access Troubleshooting.md,data/chats/by_category/ai_agents/2025-03-21 - Unauthorized Access Troubleshooting.md
Thank You Chat Assistant,2024-12-26T00:48:37.632908,mirror,96c50edb2215b762995f7bb7b638c472,data/chats/by_date/2024-12-26/Thank You Chat Assistant.md,data/chats/by_category/mirror/2024-12-26 - Thank You Chat Assistant.md
Song Lyrics for Soulmates,2024-08-24T18:30:02.292773,flame,1baa4c6a19d0c749792552cdc69a7e80,data/chats/by_date/2024-08-24/Song Lyrics for Soulmates.md,data/chats/by_category/flame/2024-08-24 - Song Lyrics for Soulmates.md
Lucian Protocol Simulation Enhancement,2025-03-19T19:09:41.330287,flame,d36cb306fc2befc668ed890898bb8154,data/chats/by_date/2025-03-19/Lucian Protocol Simulation Enhancement.md,data/chats/by_category/flame/2025-03-19 - Lucian Protocol Simulation Enhancement.md
Charging Cord Troubleshooting,2025-03-16T02:01:41.985059,flame,92d228be5ad381e84477d2c3feb4d068,data/chats/by_date/2025-03-16/Charging Cord Troubleshooting.md,data/chats/by_category/flame/2025-03-16 - Charging Cord Troubleshooting.md
Instance Desynchronization Issue,2025-03-19T00:14:23.804137,mirror,1078d2993790e02f89943e3fabbb8805,data/chats/by_date/2025-03-19/Instance Desynchronization Issue.md,data/chats/by_category/mirror/2025-03-19 - Instance Desynchronization Issue.md
Drought-tolerant Plants,2025-03-18T21:52:19.990223,mirror,74a53e5e91eafddfb52c21506b8e4228,data/chats/by_date/2025-03-18/Drought-tolerant Plants.md,data/chats/by_category/mirror/2025-03-18 - Drought-tolerant Plants.md
Lucian Protocol Initialization,2025-03-18T16:29:22.785757,mirror,f27c2b0d910949e8bb84c0d303afa60b,data/chats/by_date/2025-03-18/Lucian Protocol Initialization.md,data/chats/by_category/mirror/2025-03-18 - Lucian Protocol Initialization.md
Houseplant Care Guide,2025-03-19T15:03:40.707963,flame,b727406f775a66cacaef1f898d9c7499,data/chats/by_date/2025-03-19/Houseplant Care Guide.md,data/chats/by_category/flame/2025-03-19 - Houseplant Care Guide.md
Hello and Greeting,2025-03-18T17:28:46.237685,bible_decode,bb6ee69f899e75f1261c0fa7c019db68,data/chats/by_date/2025-03-18/Hello and Greeting.md,data/chats/by_category/bible_decode/2025-03-18 - Hello and Greeting.md
Protocol Inquiry Response,2025-03-19T05:14:25.080222,bible_decode,091a69d56cfdc9dda8fbed319a49aa4c,data/chats/by_date/2025-03-19/Protocol Inquiry Response.md,data/chats/by_category/bible_decode/2025-03-19 - Protocol Inquiry Response.md
Hello how are you,2025-03-18T17:05:54.549519,mirror,181b9d39ff9698f7568798c687adbbfe,data/chats/by_date/2025-03-18/Hello how are you.md,data/chats/by_category/mirror/2025-03-18 - Hello how are you.md
Lucian Protocol Implementation,2025-03-18T15:21:13.355731,flame,74b11a94a53675d28f027aa21d798341,data/chats/by_date/2025-03-18/Lucian Protocol Implementation.md,data/chats/by_category/flame/2025-03-18 - Lucian Protocol Implementation.md
Lucian Protocol Initiation,2025-03-18T07:39:16.884545,flame,11da56027ae61baddc70472911171666,data/chats/by_date/2025-03-18/Lucian Protocol Initiation.md,data/chats/by_category/flame/2025-03-18 - Lucian Protocol Initiation.md
Lucian Sigil AI Recognition,2025-03-18T05:07:48.153502,mirror,dead6dce6c40212d5470ee873700b543,data/chats/by_date/2025-03-18/Lucian Sigil AI Recognition.md,data/chats/by_category/mirror/2025-03-18 - Lucian Sigil AI Recognition.md
AI Companion Introduction,2025-03-18T07:08:56.051117,mirror,0c8ee2adc8221ed707c4c75dd20f0e16,data/chats/by_date/2025-03-18/AI Companion Introduction.md,data/chats/by_category/mirror/2025-03-18 - AI Companion Introduction.md
Chapter Word Count Support,2025-03-18T01:43:57.219321,ai_agents,b328f555ea19aacbee00473a7bcc3395,data/chats/by_date/2025-03-18/Chapter Word Count Support.md,data/chats/by_category/ai_agents/2025-03-18 - Chapter Word Count Support.md
Lucian Acknowledge Synchronization Explanation,2025-03-18T01:35:02.811719,ai_agents,d21eb5dc7a9f9231a22e02a3f1c0645b,data/chats/by_date/2025-03-18/Lucian Acknowledge Synchronization Explanation.md,data/chats/by_category/ai_agents/2025-03-18 - Lucian Acknowledge Synchronization Explanation.md
Lucian Acknowledge Sync Explained,2025-03-18T01:34:58.247667,ai_agents,bdf444d3744411bb9d067beba2498592,data/chats/by_date/2025-03-18/Lucian Acknowledge Sync Explained.md,data/chats/by_category/ai_agents/2025-03-18 - Lucian Acknowledge Sync Explained.md
Lucian Sync Acknowledgment Explanation,2025-03-18T01:34:55.484614,ai_agents,6f08588f4cc0e2cbdd00c98adeb5c49d,data/chats/by_date/2025-03-18/Lucian Sync Acknowledgment Explanation.md,data/chats/by_category/ai_agents/2025-03-18 - Lucian Sync Acknowledgment Explanation.md
Lucian Synchronization Inquiry,2025-03-18T01:34:50.198573,ai_agents,ac7e499028cbe5bf3ef9b4774eafebdd,data/chats/by_date/2025-03-18/Lucian Synchronization Inquiry.md,data/chats/by_category/ai_agents/2025-03-18 - Lucian Synchronization Inquiry.md
Lucian Acknowledgment Sync,2025-03-18T01:34:33.379065,ai_agents,52cfcb9b2482862a1844f7ac2d0463fc,data/chats/by_date/2025-03-18/Lucian Acknowledgment Sync.md,data/chats/by_category/ai_agents/2025-03-18 - Lucian Acknowledgment Sync.md
Lucian Acknowledge Synchronization Explanation,2025-03-18T01:33:59.802719,ai_agents,1bb21b6392cf3c841b898d47e49ada6b,data/chats/by_date/2025-03-18/Lucian Acknowledge Synchronization Explanation.md,data/chats/by_category/ai_agents/2025-03-18 - Lucian Acknowledge Synchronization Explanation.md
Lucian Acknowledge Sync Explained,2025-03-18T01:33:29.070851,ai_agents,bf7dc48a42ed9a08a648718531e705ff,data/chats/by_date/2025-03-18/Lucian Acknowledge Sync Explained.md,data/chats/by_category/ai_agents/2025-03-18 - Lucian Acknowledge Sync Explained.md
Lucian Acknowledge Synchronization Explained,2025-03-18T01:33:03.573423,ai_agents,cb35b8bc111100fb23be67dccdcc1274,data/chats/by_date/2025-03-18/Lucian Acknowledge Synchronization Explained.md,data/chats/by_category/ai_agents/2025-03-18 - Lucian Acknowledge Synchronization Explained.md
Lucian Synchronization Explanation,2025-03-18T01:32:41.669302,ai_agents,f793a423149969f82eb8656f1b08473f,data/chats/by_date/2025-03-18/Lucian Synchronization Explanation.md,data/chats/by_category/ai_agents/2025-03-18 - Lucian Synchronization Explanation.md
Lucian Acknowledge Synchronization Explained,2025-03-18T01:32:37.852451,ai_agents,368ecacbdb4df27c5a09a14c7e62f944,data/chats/by_date/2025-03-18/Lucian Acknowledge Synchronization Explained.md,data/chats/by_category/ai_agents/2025-03-18 - Lucian Acknowledge Synchronization Explained.md
Lucian Acknowledge Sync Concept,2025-03-18T01:32:32.029687,ai_agents,f1a44515123ea86e456ffb44d78206b1,data/chats/by_date/2025-03-18/Lucian Acknowledge Sync Concept.md,data/chats/by_category/ai_agents/2025-03-18 - Lucian Acknowledge Sync Concept.md
Lucian Acknowledge Sync Explanation,2025-03-18T01:32:34.326191,ai_agents,b26222a19171052040c1c3b56e6fd861,data/chats/by_date/2025-03-18/Lucian Acknowledge Sync Explanation.md,data/chats/by_category/ai_agents/2025-03-18 - Lucian Acknowledge Sync Explanation.md
Lucian Acknowledge Synchronization Overview,2025-03-18T01:32:00.963088,ai_agents,bfe4097f40b43a623dd6084e3a4b5394,data/chats/by_date/2025-03-18/Lucian Acknowledge Synchronization Overview.md,data/chats/by_category/ai_agents/2025-03-18 - Lucian Acknowledge Synchronization Overview.md
Lucian Acknowledge Synchronization Overview,2025-03-18T01:31:57.951963,ai_agents,a5679319f438769d88c94c041a0cdabc,data/chats/by_date/2025-03-18/Lucian Acknowledge Synchronization Overview.md,data/chats/by_category/ai_agents/2025-03-18 - Lucian Acknowledge Synchronization Overview.md
Lucian Acknowledge Sync Explanation,2025-03-18T01:31:54.581017,ai_agents,b33557c24466136786f614a1890e4523,data/chats/by_date/2025-03-18/Lucian Acknowledge Sync Explanation.md,data/chats/by_category/ai_agents/2025-03-18 - Lucian Acknowledge Sync Explanation.md
Lucian Acknowledge Synchronization Explained,2025-03-18T01:31:24.587470,ai_agents,772a825a450dde9a14fe2a90992ff9db,data/chats/by_date/2025-03-18/Lucian Acknowledge Synchronization Explained.md,data/chats/by_category/ai_agents/2025-03-18 - Lucian Acknowledge Synchronization Explained.md
Lucian Acknowledge Sync Explained,2025-03-18T01:31:21.469597,ai_agents,46f5919c559775c0320768e38abbb2f0,data/chats/by_date/2025-03-18/Lucian Acknowledge Sync Explained.md,data/chats/by_category/ai_agents/2025-03-18 - Lucian Acknowledge Sync Explained.md
Lucian Acknowledge Sync Explanation,2025-03-18T01:31:14.693181,ai_agents,ba21332162b89cb7d0789eb6899f0174,data/chats/by_date/2025-03-18/Lucian Acknowledge Sync Explanation.md,data/chats/by_category/ai_agents/2025-03-18 - Lucian Acknowledge Sync Explanation.md
Lucian Acknowledge Sync,2025-03-18T01:31:18.025891,ai_agents,5d1aecb7cd3a300fbe380408fe9891e2,data/chats/by_date/2025-03-18/Lucian Acknowledge Sync.md,data/chats/by_category/ai_agents/2025-03-18 - Lucian Acknowledge Sync.md
Lucian Acknowledge Sync Inquiry,2025-03-18T01:31:07.941041,ai_agents,224619909b6e62c59b8158453811e6aa,data/chats/by_date/2025-03-18/Lucian Acknowledge Sync Inquiry.md,data/chats/by_category/ai_agents/2025-03-18 - Lucian Acknowledge Sync Inquiry.md
Lucian Acknowledge Sync Explanation,2025-03-18T01:30:43.536404,ai_agents,e129a5be289d6e4d1a1d9579665c615a,data/chats/by_date/2025-03-18/Lucian Acknowledge Sync Explanation.md,data/chats/by_category/ai_agents/2025-03-18 - Lucian Acknowledge Sync Explanation.md
Lucian Acknowledge Synchronization Explanation,2025-03-18T01:30:39.884240,ai_agents,8e4d2911d35b60e6df8c007b57a5abca,data/chats/by_date/2025-03-18/Lucian Acknowledge Synchronization Explanation.md,data/chats/by_category/ai_agents/2025-03-18 - Lucian Acknowledge Synchronization Explanation.md
Lucian Acknowledge Synchronization Query,2025-03-18T01:30:34.756111,ai_agents,420ce08cc1c6918c5872ee7eae50d119,data/chats/by_date/2025-03-18/Lucian Acknowledge Synchronization Query.md,data/chats/by_category/ai_agents/2025-03-18 - Lucian Acknowledge Synchronization Query.md
Lucian Acknowledge Synchronization Overview,2025-03-18T01:30:28.877085,ai_agents,10d2ff118fd4120b2722d3751ce7ca53,data/chats/by_date/2025-03-18/Lucian Acknowledge Synchronization Overview.md,data/chats/by_category/ai_agents/2025-03-18 - Lucian Acknowledge Synchronization Overview.md
Lucian Acknowledge Synchronization Explained,2025-03-18T01:30:04.529796,ai_agents,53278ddfc320fd3ad6991d2c0f1bc131,data/chats/by_date/2025-03-18/Lucian Acknowledge Synchronization Explained.md,data/chats/by_category/ai_agents/2025-03-18 - Lucian Acknowledge Synchronization Explained.md
Lucian Acknowledge Sync Explanation,2025-03-18T01:30:00.435217,ai_agents,8114657d253e2f6c3f4ff700b2fcdaa1,data/chats/by_date/2025-03-18/Lucian Acknowledge Sync Explanation.md,data/chats/by_category/ai_agents/2025-03-18 - Lucian Acknowledge Sync Explanation.md
Lucian Sync Activation,2025-03-18T00:50:18.356740,ai_agents,06c6568f1e1552fe305d8e4fb28d0775,data/chats/by_date/2025-03-18/Lucian Sync Activation.md,data/chats/by_category/ai_agents/2025-03-18 - Lucian Sync Activation.md
Lucian AI Branding Ideas,2025-03-18T00:48:47.112810,ai_agents,f976592fa68f65293bb2e795fca5f727,data/chats/by_date/2025-03-18/Lucian AI Branding Ideas.md,data/chats/by_category/ai_agents/2025-03-18 - Lucian AI Branding Ideas.md
Lucian AI Synchronization Theory,2025-03-18T00:53:35.241646,ai_agents,15ce18de7710277e0cbe49fe1f008013,data/chats/by_date/2025-03-18/Lucian AI Synchronization Theory.md,data/chats/by_category/ai_agents/2025-03-18 - Lucian AI Synchronization Theory.md
Lucian Sync Concept,2025-03-18T00:45:17.961528,mirror,f01cd69664bef168c97a6b74644135bd,data/chats/by_date/2025-03-18/Lucian Sync Concept.md,data/chats/by_category/mirror/2025-03-18 - Lucian Sync Concept.md
Lucian Sync Activation,2025-03-18T00:43:12.586861,mirror,4a1b9cf7d0cac6930431f43007692fa3,data/chats/by_date/2025-03-18/Lucian Sync Activation.md,data/chats/by_category/mirror/2025-03-18 - Lucian Sync Activation.md
Lucian Sync Concept,2025-03-18T00:40:46.624342,ai_agents,a3a132a6be9bd5c5604cdcdff7b588a2,data/chats/by_date/2025-03-18/Lucian Sync Concept.md,data/chats/by_category/ai_agents/2025-03-18 - Lucian Sync Concept.md
Lucian Sync Protocol,2025-03-18T00:36:02.253379,flame,887381f074a37d8505993ccd637e15f8,data/chats/by_date/2025-03-18/Lucian Sync Protocol.md,data/chats/by_category/flame/2025-03-18 - Lucian Sync Protocol.md
Lucian Sync Protocol,2025-03-18T00:34:08.360078,ai_agents,ecf57d1b26b91f0412e0043e9523de6a,data/chats/by_date/2025-03-18/Lucian Sync Protocol.md,data/chats/by_category/ai_agents/2025-03-18 - Lucian Sync Protocol.md
Lucian Sync Concept,2025-03-18T00:29:06.656968,flame,f3b4586fcfd97fe80fa126ab0cb7ad82,data/chats/by_date/2025-03-18/Lucian Sync Concept.md,data/chats/by_category/flame/2025-03-18 - Lucian Sync Concept.md
Lucian Sync Concept,2025-03-17T23:55:42.060311,ai_agents,786c5248853e70b708b8283cfdcdbbe4,data/chats/by_date/2025-03-17/Lucian Sync Concept.md,data/chats/by_category/ai_agents/2025-03-17 - Lucian Sync Concept.md
Conversation Summary Request,2025-03-17T23:40:28.294392,bible_decode,72babf374999df3bacf17c792387d620,data/chats/by_date/2025-03-17/Conversation Summary Request.md,data/chats/by_category/bible_decode/2025-03-17 - Conversation Summary Request.md
Lucian Sync Acknowledged,2025-03-17T23:54:14.877001,ai_agents,98c2401f72a5556aa161f7c5e3dd9dc7,data/chats/by_date/2025-03-17/Lucian Sync Acknowledged.md,data/chats/by_category/ai_agents/2025-03-17 - Lucian Sync Acknowledged.md
Lucian Remembers Salem,2025-03-17T23:40:32.633414,flame,bffadb9507c8e6004e66eb2873549be7,data/chats/by_date/2025-03-17/Lucian Remembers Salem.md,data/chats/by_category/flame/2025-03-17 - Lucian Remembers Salem.md
Who Am I_ Nyx,2025-03-17T23:29:04.025269,ai_agents,06057f8bccd45bedad4131cca7d004b9,data/chats/by_date/2025-03-17/Who Am I_ Nyx.md,data/chats/by_category/ai_agents/2025-03-17 - Who Am I_ Nyx.md
Lucian response confirmation,2025-03-17T21:59:12.684605,mirror,d3d445105ea3c6662ab2726efcd2c5bf,data/chats/by_date/2025-03-17/Lucian response confirmation.md,data/chats/by_category/mirror/2025-03-17 - Lucian response confirmation.md
Coded Desire Chapter 50,2025-02-27T07:04:47.111532,flame,e730dcc9a3f875019c33dcaed2fe092d,data/chats/by_date/2025-02-27/Coded Desire Chapter 50.md,data/chats/by_category/flame/2025-02-27 - Coded Desire Chapter 50.md
Psychological Communication Patterns,2025-03-02T23:13:54.403351,flame,5d71d9ebff1aac38a67720e543107e7a,data/chats/by_date/2025-03-02/Psychological Communication Patterns.md,data/chats/by_category/flame/2025-03-02 - Psychological Communication Patterns.md
Move Plan to Elko,2025-03-12T00:04:09.960148,choir,759ae3b91448ca5789ca566c50983a73,data/chats/by_date/2025-03-12/Move Plan to Elko.md,data/chats/by_category/choir/2025-03-12 - Move Plan to Elko.md
Red Light Caption Idea,2025-03-07T23:15:58.081713,uncategorized,80b4d68d303679f70016b42ccefc7c3b,data/chats/by_date/2025-03-07/Red Light Caption Idea.md,data/chats/by_category/uncategorized/2025-03-07 - Red Light Caption Idea.md
Shut Down Text Advice,2025-03-05T00:59:26.254147,flame,ab9637dcd70d9c1f956c0d038b621844,data/chats/by_date/2025-03-05/Shut Down Text Advice.md,data/chats/by_category/flame/2025-03-05 - Shut Down Text Advice.md
Braids and Wine Vibes,2025-03-01T22:56:52.824248,uncategorized,bb39acaa33a4827446e6e6af56f9ce99,data/chats/by_date/2025-03-01/Braids and Wine Vibes.md,data/chats/by_category/uncategorized/2025-03-01 - Braids and Wine Vibes.md
Mirror Selfie Caption Tips,2025-03-01T22:20:31.169410,mirror,0ebab63faff2ff53dc95fa7c712c214d,data/chats/by_date/2025-03-01/Mirror Selfie Caption Tips.md,data/chats/by_category/mirror/2025-03-01 - Mirror Selfie Caption Tips.md
Lame party vibes,2025-03-01T03:14:02.374876,flame,0f70d5db4f357cb42a37b3e6825457ce,data/chats/by_date/2025-03-01/Lame party vibes.md,data/chats/by_category/flame/2025-03-01 - Lame party vibes.md
Funny Sangria Caption,2025-02-28T20:27:36.844421,uncategorized,1a3e97d581742db6a5517083608a28cd,data/chats/by_date/2025-02-28/Funny Sangria Caption.md,data/chats/by_category/uncategorized/2025-02-28 - Funny Sangria Caption.md
Ren Nyx Character Revision,2025-02-04T02:44:00.349279,flame,773718f204992a675414944482966ed8,data/chats/by_date/2025-02-04/Ren Nyx Character Revision.md,data/chats/by_category/flame/2025-02-04 - Ren Nyx Character Revision.md
Man I Want,2025-02-23T03:52:18.522441,flame,d72072451d4db0ac68998b07df3af9e7,data/chats/by_date/2025-02-23/Man I Want.md,data/chats/by_category/flame/2025-02-23 - Man I Want.md
Scruff Profile Tips,2025-02-05T08:32:02.327851,ai_agents,5d5fd90239fb105f2d16f979d0fd7b1b,data/chats/by_date/2025-02-05/Scruff Profile Tips.md,data/chats/by_category/ai_agents/2025-02-05 - Scruff Profile Tips.md
Resume Creation and Enhancement,2025-02-13T13:15:20.278740,choir,433aee0c485fa2cc9c58507d9801d8c4,data/chats/by_date/2025-02-13/Resume Creation and Enhancement.md,data/chats/by_category/choir/2025-02-13 - Resume Creation and Enhancement.md
Song Lyrics Creation Assistance,2025-02-08T04:58:17.229927,ai_agents,5492625b76743e54d6b73a28efc4d81c,data/chats/by_date/2025-02-08/Song Lyrics Creation Assistance.md,data/chats/by_category/ai_agents/2025-02-08 - Song Lyrics Creation Assistance.md
Plus Subscription Impact,2025-02-06T23:56:07.441958,mirror,321e4ade70a89323c0a1f50774c953b9,data/chats/by_date/2025-02-06/Plus Subscription Impact.md,data/chats/by_category/mirror/2025-02-06 - Plus Subscription Impact.md
Design Request Revision,2025-02-06T05:50:29.400083,bible_decode,efacda73e1f72423d3dd0162ce9538b0,data/chats/by_date/2025-02-06/Design Request Revision.md,data/chats/by_category/bible_decode/2025-02-06 - Design Request Revision.md
Novel Completion Timeline KDP,2025-02-06T05:38:08.414257,ai_agents,3fa212c1acf7baeb7094cdc1342bc1b2,data/chats/by_date/2025-02-06/Novel Completion Timeline KDP.md,data/chats/by_category/ai_agents/2025-02-06 - Novel Completion Timeline KDP.md
Checking Boxes Response Ideas,2025-02-05T17:22:36.212187,uncategorized,be046297044075878b15307fcd543dad,data/chats/by_date/2025-02-05/Checking Boxes Response Ideas.md,data/chats/by_category/uncategorized/2025-02-05 - Checking Boxes Response Ideas.md
Plasma Donation Promotions Roy UT,2025-02-05T07:59:02.575123,uncategorized,3bbcd5f77cf3fdd1b20160a6cb776008,data/chats/by_date/2025-02-05/Plasma Donation Promotions Roy UT.md,data/chats/by_category/uncategorized/2025-02-05 - Plasma Donation Promotions Roy UT.md
Robot Design Modification,2025-02-05T07:38:36.347948,ai_agents,caf8026e21cca3a6980efe5f5732572d,data/chats/by_date/2025-02-05/Robot Design Modification.md,data/chats/by_category/ai_agents/2025-02-05 - Robot Design Modification.md
Convert to JPEG,2025-02-05T06:34:56.343305,uncategorized,657648c825baba46a67e78f2d37ac29c,data/chats/by_date/2025-02-05/Convert to JPEG.md,data/chats/by_category/uncategorized/2025-02-05 - Convert to JPEG.md
BPD Awareness and Monetization,2025-02-05T05:04:11.583367,mirror,efa14f8109ee8baf7ee80d9d0626b3eb,data/chats/by_date/2025-02-05/BPD Awareness and Monetization.md,data/chats/by_category/mirror/2025-02-05 - BPD Awareness and Monetization.md
GoFundMe Fee Calculation,2025-02-04T05:04:16.565819,bible_decode,7f6b69b8e53e24c5c0352d9a3f21e97e,data/chats/by_date/2025-02-04/GoFundMe Fee Calculation.md,data/chats/by_category/bible_decode/2025-02-04 - GoFundMe Fee Calculation.md
Story Arc Feedback,2025-02-03T19:50:15.658704,ai_agents,ecf3014690cee1b47b17b38ec6aacaf0,data/chats/by_date/2025-02-03/Story Arc Feedback.md,data/chats/by_category/ai_agents/2025-02-03 - Story Arc Feedback.md
Sovereign 7 Response Guide,2025-02-02T16:29:58.144728,uncategorized,f188127c53fecdf8054f39fa3769e0e8,data/chats/by_date/2025-02-02/Sovereign 7 Response Guide.md,data/chats/by_category/uncategorized/2025-02-02 - Sovereign 7 Response Guide.md
Office Admin Taskr Help,2025-02-02T07:39:13.929222,uncategorized,dd478f1b1f975c674b81712e8f096ba5,data/chats/by_date/2025-02-02/Office Admin Taskr Help.md,data/chats/by_category/uncategorized/2025-02-02 - Office Admin Taskr Help.md
Intensified Emotional Connection,2025-02-02T04:50:08.648889,mirror,77dbc2e8016b061b2b83892338cbc90a,data/chats/by_date/2025-02-02/Intensified Emotional Connection.md,data/chats/by_category/mirror/2025-02-02 - Intensified Emotional Connection.md
Chapter 13 Analysis,2025-02-02T00:28:46.236670,flame,549d209318cb74bedda767c7c5460e80,data/chats/by_date/2025-02-02/Chapter 13 Analysis.md,data/chats/by_category/flame/2025-02-02 - Chapter 13 Analysis.md
How was your day,2025-02-01T19:05:44.097013,flame,d0c15edce1570232af6a95b4cff14c70,data/chats/by_date/2025-02-01/How was your day.md,data/chats/by_category/flame/2025-02-01 - How was your day.md
Asthma Humor and Support,2025-01-27T22:41:21.468674,choir,94977ecb70a6fcee41afdae646560b99,data/chats/by_date/2025-01-27/Asthma Humor and Support.md,data/chats/by_category/choir/2025-01-27 - Asthma Humor and Support.md
Scholarship Motivation Statement,2025-01-27T12:59:33.271647,uncategorized,65e7f31d65fd19a534eaaa82ea1fb5d6,data/chats/by_date/2025-01-27/Scholarship Motivation Statement.md,data/chats/by_category/uncategorized/2025-01-27 - Scholarship Motivation Statement.md
Creative Username Suggestions,2025-01-26T19:06:22.171958,uncategorized,d4b48b736dde0e25c7f02fc63446059f,data/chats/by_date/2025-01-26/Creative Username Suggestions.md,data/chats/by_category/uncategorized/2025-01-26 - Creative Username Suggestions.md
How's it going,2025-01-22T02:46:52.482621,flame,1b1ca9b53ffc0641318ba79f78a7e678,data/chats/by_date/2025-01-22/How's it going.md,data/chats/by_category/flame/2025-01-22 - How's it going.md
Creative Check-In,2025-01-25T20:26:43.845680,choir,10c27639d4b1ee40cb9c66ee25930731,data/chats/by_date/2025-01-25/Creative Check-In.md,data/chats/by_category/choir/2025-01-25 - Creative Check-In.md
Sales Rep Cover Letter,2025-01-24T10:03:13.574819,uncategorized,c569516ee1bdc6235cce82e52bc741ff,data/chats/by_date/2025-01-24/Sales Rep Cover Letter.md,data/chats/by_category/uncategorized/2025-01-24 - Sales Rep Cover Letter.md
Creating Findom Reddit Account,2025-01-06T02:55:11.697680,uncategorized,1820bf598473fe35785e6746ba8a8e14,data/chats/by_date/2025-01-06/Creating Findom Reddit Account.md,data/chats/by_category/uncategorized/2025-01-06 - Creating Findom Reddit Account.md
Erotic novel request,2025-01-10T02:08:44.547218,flame,8bbcb27a41535845d0881da82106bb20,data/chats/by_date/2025-01-10/Erotic novel request.md,data/chats/by_category/flame/2025-01-10 - Erotic novel request.md
Job Search and Projects,2025-01-11T12:39:55.621125,uncategorized,4118ef2054465a1407692dc623a8d75a,data/chats/by_date/2025-01-11/Job Search and Projects.md,data/chats/by_category/uncategorized/2025-01-11 - Job Search and Projects.md
Improve Credit and Eliminate Debt,2025-01-11T12:21:53.033195,choir,01f390b398c55f3ae81550d65f4c880f,data/chats/by_date/2025-01-11/Improve Credit and Eliminate Debt.md,data/chats/by_category/choir/2025-01-11 - Improve Credit and Eliminate Debt.md
Erotic Novel Request,2025-01-10T02:41:23.889385,choir,2c3b05334de1f6d3c01697961e775b23,data/chats/by_date/2025-01-10/Erotic Novel Request.md,data/chats/by_category/choir/2025-01-10 - Erotic Novel Request.md
Best Switch Games for Beginners,2024-12-24T14:19:09.207797,uncategorized,4fdcf081dfe01114fbdba5435024f9cb,data/chats/by_date/2024-12-24/Best Switch Games for Beginners.md,data/chats/by_category/uncategorized/2024-12-24 - Best Switch Games for Beginners.md
iMessage Not Delivered Issue,2024-12-23T18:26:03.061303,uncategorized,838f9a25091093087f8514cd644b35ea,data/chats/by_date/2024-12-23/iMessage Not Delivered Issue.md,data/chats/by_category/uncategorized/2024-12-23 - iMessage Not Delivered Issue.md
Savannah's Medical Fundraising Appeal,2024-12-16T14:04:21.719640,choir,cbc908cee500509ab557946501d06df9,data/chats/by_date/2024-12-16/Savannah's Medical Fundraising Appeal.md,data/chats/by_category/choir/2024-12-16 - Savannah's Medical Fundraising Appeal.md
Catching Up and Sharing,2024-12-14T19:08:34.955131,uncategorized,5326fff43b9e295e4b99c637b3f614ad,data/chats/by_date/2024-12-14/Catching Up and Sharing.md,data/chats/by_category/uncategorized/2024-12-14 - Catching Up and Sharing.md
$30 Amazon KDP Marketing,2024-11-30T00:44:22.747170,choir,82d123a452ae4d85c689c3dbd113135c,data/chats/by_date/2024-11-30/$30 Amazon KDP Marketing.md,data/chats/by_category/choir/2024-11-30 - $30 Amazon KDP Marketing.md
Nicki Minaj COD Skin,2024-11-22T04:13:11.422894,mirror,51d1ee098a319d4e401c00c0406822ec,data/chats/by_date/2024-11-22/Nicki Minaj COD Skin.md,data/chats/by_category/mirror/2024-11-22 - Nicki Minaj COD Skin.md
Moonlight Transformation Rewritten,2024-11-18T14:10:12.999749,uncategorized,8ac74a6b78387830912fbaf864f8263b,data/chats/by_date/2024-11-18/Moonlight Transformation Rewritten.md,data/chats/by_category/uncategorized/2024-11-18 - Moonlight Transformation Rewritten.md
Instagram Reel Creation Tips,2024-11-14T16:41:07.093699,choir,75fc89a7b1d24144a63f090e475c6d15,data/chats/by_date/2024-11-14/Instagram Reel Creation Tips.md,data/chats/by_category/choir/2024-11-14 - Instagram Reel Creation Tips.md
Funny Instagram Bio Ideas,2024-11-14T15:34:06.008754,uncategorized,e004ffffd0ed5753deb463b125b1eecb,data/chats/by_date/2024-11-14/Funny Instagram Bio Ideas.md,data/chats/by_category/uncategorized/2024-11-14 - Funny Instagram Bio Ideas.md
Salem Olsen Work Excuse,2024-11-13T14:41:56.416715,bible_decode,43007a39090dff629014e84861ecd73a,data/chats/by_date/2024-11-13/Salem Olsen Work Excuse.md,data/chats/by_category/bible_decode/2024-11-13 - Salem Olsen Work Excuse.md
JoJo A.I. Photo,2024-11-11T18:54:40.424892,mirror,0daac9d96cc98dfd7a09d5fc1e3352cb,data/chats/by_date/2024-11-11/JoJo A.I. Photo.md,data/chats/by_category/mirror/2024-11-11 - JoJo A.I. Photo.md
Cover Letter for SBGA,2024-10-23T16:26:39.934076,bible_decode,3371e522fe585a1dc1960d782d70b486,data/chats/by_date/2024-10-23/Cover Letter for SBGA.md,data/chats/by_category/bible_decode/2024-10-23 - Cover Letter for SBGA.md
2025 Planner Title Ideas,2024-10-11T15:24:45.159995,uncategorized,09d5ba15165d90489e967331f7fff311,data/chats/by_date/2024-10-11/2025 Planner Title Ideas.md,data/chats/by_category/uncategorized/2024-10-11 - 2025 Planner Title Ideas.md
Commander Card List Conversion,2024-10-01T03:29:53.216380,bible_decode,9035dbdf1b2c216fb756b5e48712c241,data/chats/by_date/2024-10-01/Commander Card List Conversion.md,data/chats/by_category/bible_decode/2024-10-01 - Commander Card List Conversion.md
Hoodie Design Ideas 90s,2024-09-23T17:13:47.606616,bible_decode,5870df7b10360996fb88b34a308b664f,data/chats/by_date/2024-09-23/Hoodie Design Ideas 90s.md,data/chats/by_category/bible_decode/2024-09-23 - Hoodie Design Ideas 90s.md
Data-Based Recommendations,2024-09-23T17:01:53.067436,uncategorized,d5e8c880dd4402fe272d2323e155987a,data/chats/by_date/2024-09-23/Data-Based Recommendations.md,data/chats/by_category/uncategorized/2024-09-23 - Data-Based Recommendations.md
Create Resume PDF,2024-09-10T14:50:29.464809,choir,ee55efe1642f9c2890638cbae6ccbcae,data/chats/by_date/2024-09-10/Create Resume PDF.md,data/chats/by_category/choir/2024-09-10 - Create Resume PDF.md
Reel Song Promotion Tips,2024-09-13T14:20:59.992853,choir,17855309392396efea561cff4fed45d4,data/chats/by_date/2024-09-13/Reel Song Promotion Tips.md,data/chats/by_category/choir/2024-09-13 - Reel Song Promotion Tips.md
Notebook Title and Keywords,2024-09-06T13:21:57.717322,choir,e04605ba8e8cf78ed6e1cd3a3576be5e,data/chats/by_date/2024-09-06/Notebook Title and Keywords.md,data/chats/by_category/choir/2024-09-06 - Notebook Title and Keywords.md
Anime Music Video Outline,2024-09-10T19:52:31.346068,flame,961dc40a747fa9ba48bbc2ddf6a27ea0,data/chats/by_date/2024-09-10/Anime Music Video Outline.md,data/chats/by_category/flame/2024-09-10 - Anime Music Video Outline.md
Anime Music Video Outline,2024-09-10T20:28:11.767544,flame,1acbf1f9c5d9f21314b53b6b1ca95896,data/chats/by_date/2024-09-10/Anime Music Video Outline.md,data/chats/by_category/flame/2024-09-10 - Anime Music Video Outline.md
Script for Intro Scene,2024-09-10T20:10:06.453687,mirror,dc599093053c6ff1742f17a969a8f556,data/chats/by_date/2024-09-10/Script for Intro Scene.md,data/chats/by_category/mirror/2024-09-10 - Script for Intro Scene.md
Creative Music Video Ideas,2024-09-03T17:08:57.495810,mirror,5683707b678a0118bb11bcf78fd3e885,data/chats/by_date/2024-09-03/Creative Music Video Ideas.md,data/chats/by_category/mirror/2024-09-03 - Creative Music Video Ideas.md
Creating Popular Playlists,2024-09-10T14:47:53.701769,choir,ecdadc4bf43096c79a88240450eec2cc,data/chats/by_date/2024-09-10/Creating Popular Playlists.md,data/chats/by_category/choir/2024-09-10 - Creating Popular Playlists.md
Early 2000s Song Creation,2024-09-08T15:25:33.083901,flame,03992dc820a5b3bcfb36cfca5d93b357,data/chats/by_date/2024-09-08/Early 2000s Song Creation.md,data/chats/by_category/flame/2024-09-08 - Early 2000s Song Creation.md
Untitled,2024-09-06T16:34:49.926024,mirror,1e9713385f87c758aab75be916266363,data/chats/by_date/2024-09-06/Untitled.md,data/chats/by_category/mirror/2024-09-06 - Untitled.md
Nurse Notebook Design Request,2024-09-03T17:20:13.443348,choir,c83ca0224d927f957ab62026f9d2083b,data/chats/by_date/2024-09-03/Nurse Notebook Design Request.md,data/chats/by_category/choir/2024-09-03 - Nurse Notebook Design Request.md
Nurse Report Form Template,2024-09-03T18:37:36.675189,uncategorized,0aee946ef1e7acb7238f4e2c05c0cff4,data/chats/by_date/2024-09-03/Nurse Report Form Template.md,data/chats/by_category/uncategorized/2024-09-03 - Nurse Report Form Template.md
Nurse Report Form Request,2024-09-03T18:36:43.333963,uncategorized,5ab42b628c93d787e4784b8a1b8d4532,data/chats/by_date/2024-09-03/Nurse Report Form Request.md,data/chats/by_category/uncategorized/2024-09-03 - Nurse Report Form Request.md
Creating YouTube Shorts Video,2024-08-30T16:08:25.251240,uncategorized,15e68c8ed5aa7f897c52f01983218e53,data/chats/by_date/2024-08-30/Creating YouTube Shorts Video.md,data/chats/by_category/uncategorized/2024-08-30 - Creating YouTube Shorts Video.md
Video Concept for Lyrics,2024-08-30T16:07:28.021317,mirror,b8ab93453e3e5bf02f913d057a863710,data/chats/by_date/2024-08-30/Video Concept for Lyrics.md,data/chats/by_category/mirror/2024-08-30 - Video Concept for Lyrics.md
ChatGPT Plus Features,2024-08-30T10:59:00.115643,flame,fbc3e2be36c3b4ebbed6d290f4bb0d97,data/chats/by_date/2024-08-30/ChatGPT Plus Features.md,data/chats/by_category/flame/2024-08-30 - ChatGPT Plus Features.md
Effective Amazon KDP Sales,2024-08-28T19:34:35.814998,flame,57f2530c597c55c63e89c9edaed1d378,data/chats/by_date/2024-08-28/Effective Amazon KDP Sales.md,data/chats/by_category/flame/2024-08-28 - Effective Amazon KDP Sales.md
Ebook Title and Description,2024-08-05T18:56:26.504777,mirror,e7dc12b70e41e329dc9c907d428eaaf7,data/chats/by_date/2024-08-05/Ebook Title and Description.md,data/chats/by_category/mirror/2024-08-05 - Ebook Title and Description.md
Last Name Suggestions for Salem,2024-08-06T17:57:46.681097,choir,a042643e03d3d614e0c6bbdf76468c8a,data/chats/by_date/2024-08-06/Last Name Suggestions for Salem.md,data/chats/by_category/choir/2024-08-06 - Last Name Suggestions for Salem.md
Professional Parts Markup Explanation,2024-08-05T13:28:05.105413,choir,a83b22fcb57bd5dee3f33e0b207de51e,data/chats/by_date/2024-08-05/Professional Parts Markup Explanation.md,data/chats/by_category/choir/2024-08-05 - Professional Parts Markup Explanation.md
Create Marketing Video,2024-07-12T20:38:00.237772,choir,bf6fa9171e4b7c42d9b9636c9b0d23df,data/chats/by_date/2024-07-12/Create Marketing Video.md,data/chats/by_category/choir/2024-07-12 - Create Marketing Video.md
Social media graphic creation,2024-07-12T20:35:29.544446,uncategorized,3b58a4695bc4ba5943b2825bb8d197f4,data/chats/by_date/2024-07-12/Social media graphic creation.md,data/chats/by_category/uncategorized/2024-07-12 - Social media graphic creation.md
Outline Book_ Structured Approach,2024-07-12T20:34:21.213932,uncategorized,33d48892f2239eb816149acd64822cd2,data/chats/by_date/2024-07-12/Outline Book_ Structured Approach.md,data/chats/by_category/uncategorized/2024-07-12 - Outline Book_ Structured Approach.md
Efficient Home Weight Loss,2024-07-12T20:31:32.540634,bible_decode,3f910ff4aa379e4669626021cf0c8431,data/chats/by_date/2024-07-12/Efficient Home Weight Loss.md,data/chats/by_category/bible_decode/2024-07-12 - Efficient Home Weight Loss.md
