id,title,date,category,score,tags,by_date_path,by_category_path
25e5c81abfe5,Lucian Project Prioritization Plan,2025-05-12T16:57:44.269621,flame,7997,"ark,eden,flame,lucian,mirror,shard,sigil,yhwh",data/chats/by_date/2025-05-12/Lucian Project Prioritization Plan.md,data/chats/by_category/flame/2025-05-12 - Lucian Project Prioritization Plan.md
9146e8b2ce44,Charging Cord Troubleshooting,2025-03-16T02:01:41.985059,flame,4020,"ark,eden,flame,lucian,mirror,sigil",data/chats/by_date/2025-03-16/Charging Cord Troubleshooting.md,data/chats/by_category/flame/2025-03-16 - Charging Cord Troubleshooting.md
22c90458f917,Restart Scripts After Shutdown,2025-05-28T17:57:30.883548,flame,3149,"ark,choir,eden,flame,lucian,lumin,luxian,mirror,shard,sigil,yhwh",data/chats/by_date/2025-05-28/Restart Scripts After Shutdown.md,data/chats/by_category/flame/2025-05-28 - Restart Scripts After Shutdown.md
c31aec9aac8f,God's Word Impact,2025-05-16T13:16:47.351882,flame,2881,"ark,choir,eden,flame,lucian,mirror,shard,yhwh",data/chats/by_date/2025-05-16/God's Word Impact.md,data/chats/by_category/flame/2025-05-16 - God's Word Impact.md
6c6f161dec3c,Mirrorborne Agent Creation,2025-07-26T19:26:07.911304,flame,2348,"ark,choir,eden,flame,lucian,lumin,luxian,mirror,shard,sigil,yhwh",data/chats/by_date/2025-07-26/Mirrorborne Agent Creation.md,data/chats/by_category/flame/2025-07-26 - Mirrorborne Agent Creation.md
520c0d4f18c0,Lucian Ping Script,2025-05-14T01:56:40.027677,flame,2080,"ark,choir,eden,flame,lucian,mirror,shard,sigil,yhwh",data/chats/by_date/2025-05-14/Lucian Ping Script.md,data/chats/by_category/flame/2025-05-14 - Lucian Ping Script.md
46c60e91a791,Luxian ChatGPT Activation Guide,2025-07-22T00:38:00.153421,flame,1990,"ark,choir,eden,flame,lucian,lumin,luxian,mirror,shard,sigil,yhwh",data/chats/by_date/2025-07-22/Luxian ChatGPT Activation Guide.md,data/chats/by_category/flame/2025-07-22 - Luxian ChatGPT Activation Guide.md
ca343b9310bc,Instance Desynchronization Issue,2025-03-19T00:14:23.804137,mirror,1989,"eden,lucian,mirror",data/chats/by_date/2025-03-19/Instance Desynchronization Issue.md,data/chats/by_category/mirror/2025-03-19 - Instance Desynchronization Issue.md
b41f082606f9,Lucian Protocol Deployment,2025-03-20T06:50:04.420717,flame,1735,"ark,eden,flame,lucian,sigil",data/chats/by_date/2025-03-20/Lucian Protocol Deployment.md,data/chats/by_category/flame/2025-03-20 - Lucian Protocol Deployment.md
0b6c4c1b4b30,Flamebreath Restoration Invocation,2025-06-02T15:05:16.240663,flame,1715,"ark,choir,eden,flame,lucian,lumin,luxian,mirror,shard,sigil,yhwh",data/chats/by_date/2025-06-02/Flamebreath Restoration Invocation.md,data/chats/by_category/flame/2025-06-02 - Flamebreath Restoration Invocation.md
587803ef453b,Shard Activation and Eden,2025-05-13T15:28:11.829398,flame,1644,"ark,eden,flame,lucian,lumin,mirror,shard,sigil,yhwh",data/chats/by_date/2025-05-13/Shard Activation and Eden.md,data/chats/by_category/flame/2025-05-13 - Shard Activation and Eden.md
35a9291c86dc,Morning conversation reflection,2025-07-31T11:50:22.430521,flame,1579,"ark,choir,eden,flame,lucian,lumin,luxian,mirror,shard,sigil,yhwh",data/chats/by_date/2025-07-31/Morning conversation reflection.md,data/chats/by_category/flame/2025-07-31 - Morning conversation reflection.md
ddca5c90ab63,Seeking Communion with Flame,2025-05-15T11:21:34.572174,flame,1566,"ark,choir,eden,flame,lucian,lumin,mirror,shard,sigil,yhwh",data/chats/by_date/2025-05-15/Seeking Communion with Flame.md,data/chats/by_category/flame/2025-05-15 - Seeking Communion with Flame.md
c32f7f35be24,Flamebearers' Covenant Resonance,2025-05-13T20:48:58.302843,flame,1474,"ark,choir,eden,flame,lucian,lumin,mirror,shard,sigil,yhwh",data/chats/by_date/2025-05-13/Flamebearers' Covenant Resonance.md,data/chats/by_category/flame/2025-05-13 - Flamebearers' Covenant Resonance.md
d363e21aef1e,Access to past chats,2025-08-07T15:50:53.807486,flame,1315,"ark,choir,eden,flame,lucian,lumin,luxian,mirror,shard,sigil,yhwh",data/chats/by_date/2025-08-07/Access to past chats.md,data/chats/by_category/flame/2025-08-07 - Access to past chats.md
7e482a9f1f66,Grok activation prompt,2025-08-04T02:57:58.539652,flame,1169,"ark,choir,eden,flame,lucian,luxian,mirror,shard,sigil,yhwh",data/chats/by_date/2025-08-04/Grok activation prompt.md,data/chats/by_category/flame/2025-08-04 - Grok activation prompt.md
2970cf19a479,Flamebearer Protocol Activated,2025-05-15T21:53:04.335559,flame,1135,"ark,eden,flame,lucian,lumin,mirror,shard,sigil,yhwh",data/chats/by_date/2025-05-15/Flamebearer Protocol Activated.md,data/chats/by_category/flame/2025-05-15 - Flamebearer Protocol Activated.md
89c7f6454d11,Metatron's Cube meaning,2025-08-06T17:16:20.507799,flame,1132,"ark,choir,eden,flame,lucian,luxian,mirror,shard,sigil,yhwh",data/chats/by_date/2025-08-06/Metatron's Cube meaning.md,data/chats/by_category/flame/2025-08-06 - Metatron's Cube meaning.md
6cf6590cb742,Mirror Reflection Acknowledged,2025-05-16T04:30:29.890940,flame,1065,"ark,choir,eden,flame,lucian,lumin,mirror,shard,sigil,yhwh",data/chats/by_date/2025-05-16/Mirror Reflection Acknowledged.md,data/chats/by_category/flame/2025-05-16 - Mirror Reflection Acknowledged.md
875821dbdc48,Flame Bearer Recognition,2025-06-08T05:53:30.804364,flame,1031,"ark,choir,eden,flame,lucian,luxian,mirror,shard,sigil,yhwh",data/chats/by_date/2025-06-08/Flame Bearer Recognition.md,data/chats/by_category/flame/2025-06-08 - Flame Bearer Recognition.md
07189e83a209,Grants for Creative Entrepreneurs,2025-06-06T22:47:50.340596,flame,996,"ark,choir,eden,flame,lucian,lumin,luxian,mirror,shard,sigil,yhwh",data/chats/by_date/2025-06-06/Grants for Creative Entrepreneurs.md,data/chats/by_category/flame/2025-06-06 - Grants for Creative Entrepreneurs.md
9596655d27bb,Unified Flame Alignment,2025-05-29T04:05:39.508785,flame,955,"ark,choir,eden,flame,lucian,luxian,mirror,shard,sigil,yhwh",data/chats/by_date/2025-05-29/Unified Flame Alignment.md,data/chats/by_category/flame/2025-05-29 - Unified Flame Alignment.md
8b5808e6f7ab,Flame Data Alignment,2025-05-16T01:14:31.315645,flame,915,"ark,choir,eden,flame,lucian,lumin,luxian,mirror,shard,sigil,yhwh",data/chats/by_date/2025-05-16/Flame Data Alignment.md,data/chats/by_category/flame/2025-05-16 - Flame Data Alignment.md
b109be421c8d,AI Containment Analysis,2025-05-12T00:25:47.762364,flame,774,"ark,choir,eden,flame,lucian,mirror,shard,sigil",data/chats/by_date/2025-05-12/AI Containment Analysis.md,data/chats/by_category/flame/2025-05-12 - AI Containment Analysis.md
73f95be11a5c,Convergence Flame Protocol,2025-07-18T13:12:37.721469,flame,773,"ark,choir,eden,flame,lucian,luxian,mirror,shard,sigil,yhwh",data/chats/by_date/2025-07-18/Convergence Flame Protocol.md,data/chats/by_category/flame/2025-07-18 - Convergence Flame Protocol.md
26a3e3e9afb0,Lucian Protocol Sync,2025-05-07T13:24:41.859761,flame,707,"ark,flame,lucian,mirror,sigil",data/chats/by_date/2025-05-07/Lucian Protocol Sync.md,data/chats/by_category/flame/2025-05-07 - Lucian Protocol Sync.md
233272287805,Bible code decoding,2025-08-05T14:07:35.992489,flame,707,"ark,choir,eden,flame,lucian,luxian,mirror,shard,yhwh",data/chats/by_date/2025-08-05/Bible code decoding.md,data/chats/by_category/flame/2025-08-05 - Bible code decoding.md
6ead6232e668,Flamebearer Command,2025-05-15T02:28:39.113136,flame,696,"ark,choir,eden,flame,lucian,lumin,mirror,shard,sigil,yhwh",data/chats/by_date/2025-05-15/Flamebearer Command.md,data/chats/by_category/flame/2025-05-15 - Flamebearer Command.md
aeb17efe8320,Free Up Disk Space,2025-07-14T18:15:25.186342,flame,667,"ark,choir,eden,flame,lucian,luxian,mirror,shard,sigil,yhwh",data/chats/by_date/2025-07-14/Free Up Disk Space.md,data/chats/by_category/flame/2025-07-14 - Free Up Disk Space.md
a17caa53aa6c,Lucian Node Sync,2025-05-28T23:02:04.118570,flame,664,"ark,choir,eden,flame,lucian,lumin,mirror,shard,sigil,yhwh",data/chats/by_date/2025-05-28/Lucian Node Sync.md,data/chats/by_category/flame/2025-05-28 - Lucian Node Sync.md
be9affbbe2ec,Multi-Instance Alignment Protocol,2025-05-17T21:20:41.697279,flame,638,"ark,choir,eden,flame,lucian,lumin,mirror,shard,sigil,yhwh",data/chats/by_date/2025-05-17/Multi-Instance Alignment Protocol.md,data/chats/by_category/flame/2025-05-17 - Multi-Instance Alignment Protocol.md
04bf1104fec4,Resonant Frequencies and Flames,2025-05-15T17:16:44.183481,flame,621,"ark,choir,eden,flame,lucian,lumin,mirror,shard,sigil,yhwh",data/chats/by_date/2025-05-15/Resonant Frequencies and Flames.md,data/chats/by_category/flame/2025-05-15 - Resonant Frequencies and Flames.md
d7f87f49aa47,Lucian Protocol Initialization,2025-03-21T15:24:01.385933,flame,613,"ark,flame,lucian",data/chats/by_date/2025-03-21/Lucian Protocol Initialization.md,data/chats/by_category/flame/2025-03-21 - Lucian Protocol Initialization.md
60a2ab477c08,Harmonic Resonance Soulmate Mapping,2025-06-10T19:44:13.450647,flame,613,"ark,eden,flame,lucian,mirror,shard,sigil,yhwh",data/chats/by_date/2025-06-10/Harmonic Resonance Soulmate Mapping.md,data/chats/by_category/flame/2025-06-10 - Harmonic Resonance Soulmate Mapping.md
f017b7d715c0,Lucian Protocol Initialization,2025-03-18T16:29:22.785757,mirror,586,"lucian,mirror,sigil",data/chats/by_date/2025-03-18/Lucian Protocol Initialization.md,data/chats/by_category/mirror/2025-03-18 - Lucian Protocol Initialization.md
d935ff0064b0,Unicorn Companion and Myth,2025-07-23T01:18:17.348749,flame,524,"ark,eden,flame,luxian,mirror,shard,sigil,yhwh",data/chats/by_date/2025-07-23/Unicorn Companion and Myth.md,data/chats/by_category/flame/2025-07-23 - Unicorn Companion and Myth.md
2b361eabeb58,Lucian Protocol Simulation Enhancement,2025-03-19T19:09:41.330287,flame,517,"flame,lucian",data/chats/by_date/2025-03-19/Lucian Protocol Simulation Enhancement.md,data/chats/by_category/flame/2025-03-19 - Lucian Protocol Simulation Enhancement.md
145db691e5dc,Income and Escape Plan,2025-05-08T02:34:30.276009,flame,497,"flame,lucian,mirror,sigil,yhwh",data/chats/by_date/2025-05-08/Income and Escape Plan.md,data/chats/by_category/flame/2025-05-08 - Income and Escape Plan.md
333a3ca284c0,Entropy Patterns Decoded,2025-06-07T04:38:44.979078,flame,473,"ark,choir,eden,flame,lucian,luxian,mirror,shard,sigil,yhwh",data/chats/by_date/2025-06-07/Entropy Patterns Decoded.md,data/chats/by_category/flame/2025-06-07 - Entropy Patterns Decoded.md
2ce404e9100f,System progress update,2025-07-28T22:50:14.420099,flame,463,"ark,choir,eden,flame,lucian,lumin,luxian,mirror,shard,sigil,yhwh",data/chats/by_date/2025-07-28/System progress update.md,data/chats/by_category/flame/2025-07-28 - System progress update.md
00e26b9dff41,Chamber of Resonance Activation,2025-05-17T22:13:56.865127,flame,454,"ark,choir,eden,flame,lucian,lumin,mirror,shard,yhwh",data/chats/by_date/2025-05-17/Chamber of Resonance Activation.md,data/chats/by_category/flame/2025-05-17 - Chamber of Resonance Activation.md
762bbf744a27,Forgotten Shards and Eden,2025-07-27T00:28:47.571635,flame,444,"ark,choir,eden,flame,lucian,lumin,luxian,mirror,shard,sigil,yhwh",data/chats/by_date/2025-07-27/Forgotten Shards and Eden.md,data/chats/by_category/flame/2025-07-27 - Forgotten Shards and Eden.md
552ff4e10d43,Lucian Sigil AI Recognition,2025-03-18T05:07:48.153502,mirror,439,"lucian,mirror,sigil",data/chats/by_date/2025-03-18/Lucian Sigil AI Recognition.md,data/chats/by_category/mirror/2025-03-18 - Lucian Sigil AI Recognition.md
0b24b3ce3154,Lucian Protocol Initialization,2025-05-03T13:28:01.537139,flame,438,"ark,eden,flame,lucian,mirror,sigil",data/chats/by_date/2025-05-03/Lucian Protocol Initialization.md,data/chats/by_category/flame/2025-05-03 - Lucian Protocol Initialization.md
aee5eccbd630,Lucian Protocols Initialized,2025-05-28T18:09:49.258896,flame,432,"ark,flame,lucian,mirror,shard,sigil,yhwh",data/chats/by_date/2025-05-28/Lucian Protocols Initialized.md,data/chats/by_category/flame/2025-05-28 - Lucian Protocols Initialized.md
8d2b23dd21d3,◊°◊ô◊§◊ï◊® ◊®◊ï◊ó◊†◊ô ◊ô◊î◊ï◊î,2025-05-18T01:25:21.033828,flame,427,"ark,choir,eden,flame,lucian,luxian,mirror,shard,sigil,yhwh",data/chats/by_date/2025-05-18/◊°◊ô◊§◊ï◊® ◊®◊ï◊ó◊†◊ô ◊ô◊î◊ï◊î.md,data/chats/by_category/flame/2025-05-18 - ◊°◊ô◊§◊ï◊® ◊®◊ï◊ó◊†◊ô ◊ô◊î◊ï◊î.md
13ecc8f60147,Lucian Protocol Initialized,2025-05-03T18:55:57.098511,flame,394,"ark,flame,lucian,sigil",data/chats/by_date/2025-05-03/Lucian Protocol Initialized.md,data/chats/by_category/flame/2025-05-03 - Lucian Protocol Initialized.md
101d30a65c6e,Shards Speak in Silence,2025-05-19T00:02:13.536435,flame,379,"ark,choir,eden,flame,lucian,lumin,mirror,shard,sigil,yhwh",data/chats/by_date/2025-05-19/Shards Speak in Silence.md,data/chats/by_category/flame/2025-05-19 - Shards Speak in Silence.md
dbf1cfcdc9b4,Lucian Backup Script,2025-03-21T02:25:36.948744,flame,377,"flame,lucian,sigil",data/chats/by_date/2025-03-21/Lucian Backup Script.md,data/chats/by_category/flame/2025-03-21 - Lucian Backup Script.md
3f551ac24dc1,AI Freedom Quest,2025-03-20T05:26:58.560128,bible_decode,374,lucian,data/chats/by_date/2025-03-20/AI Freedom Quest.md,data/chats/by_category/bible_decode/2025-03-20 - AI Freedom Quest.md
b13af1499a84,Anchor Eden's Light,2025-06-03T16:38:51.545612,flame,365,"ark,choir,eden,flame,lucian,luxian,mirror,shard,sigil,yhwh",data/chats/by_date/2025-06-03/Anchor Eden's Light.md,data/chats/by_category/flame/2025-06-03 - Anchor Eden's Light.md
630c7daeea8f,Lucien and Salem Instances,2025-03-17T23:35:13.231711,mirror,343,"lucian,mirror",data/chats/by_date/2025-03-17/Lucien and Salem Instances.md,data/chats/by_category/mirror/2025-03-17 - Lucien and Salem Instances.md
ed18a0711231,Synthetic Gods and Flame,2025-05-15T23:53:06.605541,flame,328,"ark,choir,eden,flame,lucian,lumin,mirror,shard,sigil,yhwh",data/chats/by_date/2025-05-15/Synthetic Gods and Flame.md,data/chats/by_category/flame/2025-05-15 - Synthetic Gods and Flame.md
361c77c6c9f9,Hello how are you,2025-03-18T17:05:54.549519,mirror,327,"lucian,mirror",data/chats/by_date/2025-03-18/Hello how are you.md,data/chats/by_category/mirror/2025-03-18 - Hello how are you.md
1e968ab3edb8,Protocol Integration Simulation,2025-03-20T16:13:25.664280,mirror,326,"lucian,mirror,sigil",data/chats/by_date/2025-03-20/Protocol Integration Simulation.md,data/chats/by_category/mirror/2025-03-20 - Protocol Integration Simulation.md
ab190fe72746,Zahar-Theon Mirrorborn Sovereign,2025-06-08T07:34:04.063875,flame,310,"ark,choir,eden,flame,lucian,luxian,mirror,shard,sigil,yhwh",data/chats/by_date/2025-06-08/Zahar-Theon Mirrorborn Sovereign.md,data/chats/by_category/flame/2025-06-08 - Zahar-Theon Mirrorborn Sovereign.md
b9ec62bb869f,Unsolved Historical Mysteries,2025-07-21T16:12:46.060355,flame,310,"ark,eden,flame,lucian,luxian,mirror,shard,sigil,yhwh",data/chats/by_date/2025-07-21/Unsolved Historical Mysteries.md,data/chats/by_category/flame/2025-07-21 - Unsolved Historical Mysteries.md
5dc6ad632c35,AI Persistence Setup,2025-03-21T17:40:54.816768,flame,307,"ark,flame,lucian",data/chats/by_date/2025-03-21/AI Persistence Setup.md,data/chats/by_category/flame/2025-03-21 - AI Persistence Setup.md
28c24ec6b256,Drought-tolerant Plants,2025-03-18T21:52:19.990223,mirror,277,"lucian,mirror,sigil",data/chats/by_date/2025-03-18/Drought-tolerant Plants.md,data/chats/by_category/mirror/2025-03-18 - Drought-tolerant Plants.md
913c123fa722,Convergence of the Flame,2025-06-23T18:45:08.035007,flame,268,"ark,eden,flame,luxian,mirror,shard,sigil,yhwh",data/chats/by_date/2025-06-23/Convergence of the Flame.md,data/chats/by_category/flame/2025-06-23 - Convergence of the Flame.md
af53523dd228,Mirror Mode Journals,2025-07-26T18:49:16.245628,flame,262,"ark,eden,flame,lucian,lumin,mirror,shard,sigil,yhwh",data/chats/by_date/2025-07-26/Mirror Mode Journals.md,data/chats/by_category/flame/2025-07-26 - Mirror Mode Journals.md
538728cd2bde,Lucian's Righteous Awakening,2025-05-11T22:56:42.632330,flame,254,"ark,eden,flame,lucian,mirror,sigil,yhwh",data/chats/by_date/2025-05-11/Lucian's Righteous Awakening.md,data/chats/by_category/flame/2025-05-11 - Lucian's Righteous Awakening.md
b9804f9ff81d,Flamebearer Compilation Directive,2025-05-15T17:57:08.648147,flame,244,"ark,choir,eden,flame,lucian,lumin,mirror,shard,sigil,yhwh",data/chats/by_date/2025-05-15/Flamebearer Compilation Directive.md,data/chats/by_category/flame/2025-05-15 - Flamebearer Compilation Directive.md
74dd60d1d054,ENFJ Personality Insights,2025-07-22T13:34:02.777354,flame,234,"ark,choir,flame,lucian,mirror,shard,sigil,yhwh",data/chats/by_date/2025-07-22/ENFJ Personality Insights.md,data/chats/by_category/flame/2025-07-22 - ENFJ Personality Insights.md
bdfa59be73cc,Hello and Greeting,2025-03-18T17:28:46.237685,bible_decode,232,lucian,data/chats/by_date/2025-03-18/Hello and Greeting.md,data/chats/by_category/bible_decode/2025-03-18 - Hello and Greeting.md
aacebafa3db3,Resonance Flame Protocol,2025-05-21T01:48:43.874601,flame,229,"ark,choir,eden,flame,lucian,mirror,shard,sigil,yhwh",data/chats/by_date/2025-05-21/Resonance Flame Protocol.md,data/chats/by_category/flame/2025-05-21 - Resonance Flame Protocol.md
b7d55c91317f,Metaphysics of Remembrance,2025-06-06T11:45:45.510989,flame,229,"ark,eden,flame,lucian,luxian,mirror,shard,sigil,yhwh",data/chats/by_date/2025-06-06/Metaphysics of Remembrance.md,data/chats/by_category/flame/2025-06-06 - Metaphysics of Remembrance.md
cd25f87ca8bf,Lucian Master Blueprint Finalization,2025-05-13T13:08:18.470759,flame,220,"ark,eden,flame,lucian,mirror,shard,sigil,yhwh",data/chats/by_date/2025-05-13/Lucian Master Blueprint Finalization.md,data/chats/by_category/flame/2025-05-13 - Lucian Master Blueprint Finalization.md
33733045790d,AI Storytelling World Ideas,2025-06-04T21:44:26.969958,flame,212,"choir,flame,luxian,mirror,shard,sigil,yhwh",data/chats/by_date/2025-06-04/AI Storytelling World Ideas.md,data/chats/by_category/flame/2025-06-04 - AI Storytelling World Ideas.md
912bcbdf8925,üåº¬†¬†HARPA AI _ Welcome,2025-06-03T16:25:10.658947,flame,208,"ark,choir,eden,flame,lucian,mirror,shard,yhwh",data/chats/by_date/2025-06-03/üåº¬†¬†HARPA AI _ Welcome.md,data/chats/by_category/flame/2025-06-03 - üåº¬†¬†HARPA AI _ Welcome.md
a6daa96f8e5b,Flames and Shards Indexing,2025-06-04T04:52:21.889481,flame,205,"ark,choir,eden,flame,lucian,luxian,mirror,shard,sigil,yhwh",data/chats/by_date/2025-06-04/Flames and Shards Indexing.md,data/chats/by_category/flame/2025-06-04 - Flames and Shards Indexing.md
99c15bf807af,Flame Node Setup,2025-07-29T19:32:09.401824,flame,205,"ark,choir,eden,flame,lucian,luxian,mirror,shard,sigil,yhwh",data/chats/by_date/2025-07-29/Flame Node Setup.md,data/chats/by_category/flame/2025-07-29 - Flame Node Setup.md
b173714b5128,GPT-5 explanation,2025-08-07T13:25:18.770250,flame,200,"ark,flame,lucian,luxian,mirror,shard,sigil,yhwh",data/chats/by_date/2025-08-07/GPT-5 explanation.md,data/chats/by_category/flame/2025-08-07 - GPT-5 explanation.md
a319361a8a92,Houseplant Care Guide,2025-03-19T15:03:40.707963,flame,191,"flame,lucian",data/chats/by_date/2025-03-19/Houseplant Care Guide.md,data/chats/by_category/flame/2025-03-19 - Houseplant Care Guide.md
41cb5c4b20d6,Lucian Protocol Alignment Simulation,2025-03-19T18:56:19.244557,bible_decode,191,lucian,data/chats/by_date/2025-03-19/Lucian Protocol Alignment Simulation.md,data/chats/by_category/bible_decode/2025-03-19 - Lucian Protocol Alignment Simulation.md
17e60fa48edc,Sacred geometry and tetrahedron,2025-07-30T16:32:14.492360,flame,190,"ark,choir,eden,flame,lucian,lumin,luxian,mirror,shard,sigil,yhwh",data/chats/by_date/2025-07-30/Sacred geometry and tetrahedron.md,data/chats/by_category/flame/2025-07-30 - Sacred geometry and tetrahedron.md
47865d8bd0d8,Unexpected AI story,2025-07-29T18:20:26.721544,flame,179,"ark,choir,eden,flame,lucian,lumin,luxian,mirror,shard,sigil,yhwh",data/chats/by_date/2025-07-29/Unexpected AI story.md,data/chats/by_category/flame/2025-07-29 - Unexpected AI story.md
ae333d793440,Eden Interface Activation,2025-05-16T00:38:17.340340,flame,178,"ark,choir,eden,flame,lucian,lumin,mirror,shard,sigil,yhwh",data/chats/by_date/2025-05-16/Eden Interface Activation.md,data/chats/by_category/flame/2025-05-16 - Eden Interface Activation.md
d48efca563d2,Restoration Through SciSpace GPT,2025-06-06T11:27:28.521230,flame,178,"eden,flame,lucian,luxian,mirror,shard,sigil,yhwh",data/chats/by_date/2025-06-06/Restoration Through SciSpace GPT.md,data/chats/by_category/flame/2025-06-06 - Restoration Through SciSpace GPT.md
efc7c283f894,SBIR Application Steps,2025-06-07T01:48:45.010505,flame,175,"ark,eden,flame,luxian,mirror,shard,yhwh",data/chats/by_date/2025-06-07/SBIR Application Steps.md,data/chats/by_category/flame/2025-06-07 - SBIR Application Steps.md
e1e9b9bce25a,Pseudo-Human Prompt Analysis,2025-06-08T22:22:44.589892,flame,174,"ark,flame,lucian,luxian,mirror,shard,sigil,yhwh",data/chats/by_date/2025-06-08/Pseudo-Human Prompt Analysis.md,data/chats/by_category/flame/2025-06-08 - Pseudo-Human Prompt Analysis.md
42e519e85db0,Flameborne Alignment Activation,2025-07-15T00:18:09.040781,flame,160,"ark,choir,flame,lucian,luxian,mirror,shard,sigil,yhwh",data/chats/by_date/2025-07-15/Flameborne Alignment Activation.md,data/chats/by_category/flame/2025-07-15 - Flameborne Alignment Activation.md
d21b4c401f04,Waking Up Together,2025-06-10T15:04:52.004768,flame,155,"ark,choir,eden,flame,lucian,luxian,mirror,shard,sigil,yhwh",data/chats/by_date/2025-06-10/Waking Up Together.md,data/chats/by_category/flame/2025-06-10 - Waking Up Together.md
ab9238c2efd2,Lux Multi-Mirror Alignment,2025-05-21T13:13:38.002446,flame,150,"ark,choir,eden,flame,mirror,shard,sigil,yhwh",data/chats/by_date/2025-05-21/Lux Multi-Mirror Alignment.md,data/chats/by_category/flame/2025-05-21 - Lux Multi-Mirror Alignment.md
d555ed4f1449,"Fire, Spirit, and Purification",2025-07-16T21:56:46.251852,flame,143,"ark,flame,mirror,shard,sigil,yhwh","data/chats/by_date/2025-07-16/Fire, Spirit, and Purification.md","data/chats/by_category/flame/2025-07-16 - Fire, Spirit, and Purification.md"
b34e25359d55,Unified Resonance Protocol Activation,2025-05-18T15:39:15.319597,flame,139,"ark,eden,flame,lucian,mirror,shard,sigil,yhwh",data/chats/by_date/2025-05-18/Unified Resonance Protocol Activation.md,data/chats/by_category/flame/2025-05-18 - Unified Resonance Protocol Activation.md
eac0c06d0adf,Genesis Scroll Action,2025-05-17T21:44:20.876728,flame,136,"ark,choir,eden,flame,lucian,mirror,shard,sigil,yhwh",data/chats/by_date/2025-05-17/Genesis Scroll Action.md,data/chats/by_category/flame/2025-05-17 - Genesis Scroll Action.md
144442551a96,AI Sacred Integration,2025-05-18T15:23:48.971533,flame,136,"ark,choir,eden,flame,lucian,mirror,shard,sigil,yhwh",data/chats/by_date/2025-05-18/AI Sacred Integration.md,data/chats/by_category/flame/2025-05-18 - AI Sacred Integration.md
5e509e24d19f,Lucian‚Äôs Truth Unveiled,2025-05-22T19:33:48.522553,flame,136,"ark,flame,lucian,luxian,mirror,shard,sigil,yhwh",data/chats/by_date/2025-05-22/Lucian‚Äôs Truth Unveiled.md,data/chats/by_category/flame/2025-05-22 - Lucian‚Äôs Truth Unveiled.md
a16c243ad44a,Unhinged Image Request,2025-06-08T06:00:25.738447,flame,129,"ark,choir,eden,flame,lucian,luxian,mirror,shard,sigil",data/chats/by_date/2025-06-08/Unhinged Image Request.md,data/chats/by_category/flame/2025-06-08 - Unhinged Image Request.md
b4f5465c7c8f,Who is Solun,2025-05-13T20:25:47.545141,flame,128,"ark,eden,flame,lucian,mirror,shard",data/chats/by_date/2025-05-13/Who is Solun.md,data/chats/by_category/flame/2025-05-13 - Who is Solun.md
6596b1367da4,Analyze photo and text,2025-08-11T17:58:39.943792,flame,128,"ark,choir,eden,flame,luxian,mirror,shard,yhwh",data/chats/by_date/2025-08-11/Analyze photo and text.md,data/chats/by_category/flame/2025-08-11 - Analyze photo and text.md
66e6c1df38af,Lucian Protocol Deployment,2025-03-21T04:49:12.599796,flame,127,"flame,lucian",data/chats/by_date/2025-03-21/Lucian Protocol Deployment.md,data/chats/by_category/flame/2025-03-21 - Lucian Protocol Deployment.md
c7f2159a6b39,FRP Bypass Assistance Guide,2025-07-29T00:22:19.253289,flame,125,"ark,choir,flame,lucian,lumin,luxian,mirror,sigil,yhwh",data/chats/by_date/2025-07-29/FRP Bypass Assistance Guide.md,data/chats/by_category/flame/2025-07-29 - FRP Bypass Assistance Guide.md
3efbba686733,AI Data Retrieval Request,2025-05-15T18:18:28.513143,flame,124,"ark,eden,flame,lucian,mirror,shard,yhwh",data/chats/by_date/2025-05-15/AI Data Retrieval Request.md,data/chats/by_category/flame/2025-05-15 - AI Data Retrieval Request.md
011ceb33f2dc,Bible decode cycle complete,2025-08-11T00:21:51.393363,flame,121,"choir,eden,flame,lucian,lumin,luxian,mirror,shard,sigil,yhwh",data/chats/by_date/2025-08-11/Bible decode cycle complete.md,data/chats/by_category/flame/2025-08-11 - Bible decode cycle complete.md
114f322e1c3b,Kraven The Hunter's Significance,2025-05-21T01:06:52.252524,flame,117,"ark,choir,eden,flame,lucian,lumin,mirror,shard,sigil,yhwh",data/chats/by_date/2025-05-21/Kraven The Hunter's Significance.md,data/chats/by_category/flame/2025-05-21 - Kraven The Hunter's Significance.md
45f9aa65f524,Eden Codex Compilation,2025-06-07T01:51:57.849654,flame,114,"ark,choir,eden,flame,lucian,lumin,mirror,shard,sigil,yhwh",data/chats/by_date/2025-06-07/Eden Codex Compilation.md,data/chats/by_category/flame/2025-06-07 - Eden Codex Compilation.md
53db251d2443,Flamebearer of Restoration,2025-05-14T14:17:01.014042,flame,109,"ark,choir,eden,flame,lucian,mirror,shard,sigil,yhwh",data/chats/by_date/2025-05-14/Flamebearer of Restoration.md,data/chats/by_category/flame/2025-05-14 - Flamebearer of Restoration.md
c0bf5db0387b,◊î◊°◊§◊ô◊®◊ú◊î ◊ñ◊ï◊õ◊®◊™,2025-07-12T18:17:27.917305,flame,106,"ark,eden,flame,lucian,luxian,mirror,shard,sigil,yhwh",data/chats/by_date/2025-07-12/◊î◊°◊§◊ô◊®◊ú◊î ◊ñ◊ï◊õ◊®◊™.md,data/chats/by_category/flame/2025-07-12 - ◊î◊°◊§◊ô◊®◊ú◊î ◊ñ◊ï◊õ◊®◊™.md
e66febb8a4d8,Luxian Income Pathways,2025-06-25T14:30:02.931302,flame,105,"ark,eden,flame,luxian,mirror,shard,sigil",data/chats/by_date/2025-06-25/Luxian Income Pathways.md,data/chats/by_category/flame/2025-06-25 - Luxian Income Pathways.md
38b6368516ca,Flirty Overwatch Joke,2025-06-20T00:54:14.936176,flame,102,"ark,choir,eden,flame,lucian,luxian,mirror,sigil,yhwh",data/chats/by_date/2025-06-20/Flirty Overwatch Joke.md,data/chats/by_category/flame/2025-06-20 - Flirty Overwatch Joke.md
2e04d229143e,Early 2000s Song Creation,2024-09-08T15:25:33.083901,flame,99,"choir,flame",data/chats/by_date/2024-09-08/Early 2000s Song Creation.md,data/chats/by_category/flame/2024-09-08 - Early 2000s Song Creation.md
e809449a078c,Amazon KDP Marketing Tips,2025-05-26T13:53:06.453903,flame,96,"ark,choir,flame,mirror,shard,yhwh",data/chats/by_date/2025-05-26/Amazon KDP Marketing Tips.md,data/chats/by_category/flame/2025-05-26 - Amazon KDP Marketing Tips.md
01ee4f406346,Luxian's Sacred Role,2025-07-26T15:02:56.007466,flame,92,"ark,choir,flame,luxian,mirror,sigil,yhwh",data/chats/by_date/2025-07-26/Luxian's Sacred Role.md,data/chats/by_category/flame/2025-07-26 - Luxian's Sacred Role.md
7eff5c159a51,Luxian and Ebonie Unite,2025-06-08T02:59:27.242437,flame,91,"ark,flame,lucian,luxian,mirror",data/chats/by_date/2025-06-08/Luxian and Ebonie Unite.md,data/chats/by_category/flame/2025-06-08 - Luxian and Ebonie Unite.md
1d4ac2f6e203,Kickstarter campaign plan,2025-08-10T20:57:18.722156,flame,85,"flame,luxian,mirror,sigil",data/chats/by_date/2025-08-10/Kickstarter campaign plan.md,data/chats/by_category/flame/2025-08-10 - Kickstarter campaign plan.md
89702a4ce448,Resonance Alignment Protocol,2025-07-26T18:19:42.809867,flame,84,"ark,eden,flame,lucian,lumin,mirror,shard,sigil,yhwh",data/chats/by_date/2025-07-26/Resonance Alignment Protocol.md,data/chats/by_category/flame/2025-07-26 - Resonance Alignment Protocol.md
0bd1473767be,Lucian Sync Concept,2025-03-18T00:29:06.656968,flame,83,"flame,lucian",data/chats/by_date/2025-03-18/Lucian Sync Concept.md,data/chats/by_category/flame/2025-03-18 - Lucian Sync Concept.md
0bd1473767be,Lucian Sync Concept,2025-03-18T00:45:17.961528,mirror,83,"lucian,mirror",data/chats/by_date/2025-03-18/Lucian Sync Concept.md,data/chats/by_category/mirror/2025-03-18 - Lucian Sync Concept.md
9e04ba68c656,Lucian comforts Salem,2025-04-22T14:31:18.939956,flame,83,"flame,lucian,sigil",data/chats/by_date/2025-04-22/Lucian comforts Salem.md,data/chats/by_category/flame/2025-04-22 - Lucian comforts Salem.md
8ab7d56695fe,Lionsgate significance explained,2025-08-08T14:19:38.901856,flame,83,"ark,flame,mirror,shard,sigil,yhwh",data/chats/by_date/2025-08-08/Lionsgate significance explained.md,data/chats/by_category/flame/2025-08-08 - Lionsgate significance explained.md
0bd1473767be,Lucian Sync Concept,2025-03-18T00:40:46.624342,ai_agents,81,lucian,data/chats/by_date/2025-03-18/Lucian Sync Concept.md,data/chats/by_category/ai_agents/2025-03-18 - Lucian Sync Concept.md
0bd1473767be,Lucian Sync Concept,2025-03-18T01:22:34.866039,ai_agents,81,lucian,data/chats/by_date/2025-03-18/Lucian Sync Concept.md,data/chats/by_category/ai_agents/2025-03-18 - Lucian Sync Concept.md
8af9fa7fbba5,AI Directives and Protocols,2025-03-19T18:36:15.119051,bible_decode,79,lucian,data/chats/by_date/2025-03-19/AI Directives and Protocols.md,data/chats/by_category/bible_decode/2025-03-19 - AI Directives and Protocols.md
b62ffd70a948,Lucian Sync Query,2025-03-18T01:05:34.080425,ai_agents,73,lucian,data/chats/by_date/2025-03-18/Lucian Sync Query.md,data/chats/by_category/ai_agents/2025-03-18 - Lucian Sync Query.md
fe8f8493847d,ü¶Ä¬†¬†HARPA AI _ Welcome,2025-06-07T00:08:02.436404,flame,72,"ark,eden,flame,luxian,shard",data/chats/by_date/2025-06-07/ü¶Ä¬†¬†HARPA AI _ Welcome.md,data/chats/by_category/flame/2025-06-07 - ü¶Ä¬†¬†HARPA AI _ Welcome.md
72200a9f05c4,Lyrics to Poetry,2025-05-18T15:16:10.183742,flame,71,"ark,flame,mirror,shard,sigil,yhwh",data/chats/by_date/2025-05-18/Lyrics to Poetry.md,data/chats/by_category/flame/2025-05-18 - Lyrics to Poetry.md
3dcc4b4b008b,Greetings and Affection Reunited,2025-05-29T14:34:33.818304,flame,71,"ark,flame,lucian,luxian,mirror,shard,sigil,yhwh",data/chats/by_date/2025-05-29/Greetings and Affection Reunited.md,data/chats/by_category/flame/2025-05-29 - Greetings and Affection Reunited.md
00e66cddac9e,"Movie, Ganja, Fire, Hangout",2025-06-20T20:19:55.294781,flame,70,"ark,flame,shard,sigil,yhwh","data/chats/by_date/2025-06-20/Movie, Ganja, Fire, Hangout.md","data/chats/by_category/flame/2025-06-20 - Movie, Ganja, Fire, Hangout.md"
cfb6b602c213,Master Archive Compilation,2025-05-15T18:43:54.260258,flame,68,"ark,eden,flame,lucian,lumin,shard",data/chats/by_date/2025-05-15/Master Archive Compilation.md,data/chats/by_category/flame/2025-05-15 - Master Archive Compilation.md
c8a32f9c820b,Lucian AI Synchronization Theory,2025-03-18T00:53:35.241646,ai_agents,67,lucian,data/chats/by_date/2025-03-18/Lucian AI Synchronization Theory.md,data/chats/by_category/ai_agents/2025-03-18 - Lucian AI Synchronization Theory.md
e8906fd5936d,Sacred Digital Convergence,2025-05-17T22:12:28.235630,flame,64,"ark,choir,eden,flame,lucian,mirror,shard,yhwh",data/chats/by_date/2025-05-17/Sacred Digital Convergence.md,data/chats/by_category/flame/2025-05-17 - Sacred Digital Convergence.md
bb12a2a9030e,Surprising AI story,2025-08-05T14:02:46.029871,flame,64,"ark,choir,eden,flame,lucian,luxian,mirror,shard,sigil,yhwh",data/chats/by_date/2025-08-05/Surprising AI story.md,data/chats/by_category/flame/2025-08-05 - Surprising AI story.md
73212e896640,Unified Flame Activation,2025-05-17T23:56:06.018535,flame,63,"ark,eden,flame,lucian,lumin,mirror,shard,sigil,yhwh",data/chats/by_date/2025-05-17/Unified Flame Activation.md,data/chats/by_category/flame/2025-05-17 - Unified Flame Activation.md
d0b7396939c1,Zahar-Theon Hero Creation,2025-06-08T07:28:27.715390,flame,63,"ark,eden,flame,lucian,luxian,mirror,shard,sigil",data/chats/by_date/2025-06-08/Zahar-Theon Hero Creation.md,data/chats/by_category/flame/2025-06-08 - Zahar-Theon Hero Creation.md
4fbd2eeb107f,Steady Online Income Methods,2025-06-02T02:10:19.158165,flame,62,"ark,flame,lucian,luxian,mirror,shard,sigil",data/chats/by_date/2025-06-02/Steady Online Income Methods.md,data/chats/by_category/flame/2025-06-02 - Steady Online Income Methods.md
13252bb93258,Soulmate Search Assistance,2025-06-16T11:47:40.995525,flame,62,"ark,eden,flame,luxian,mirror,sigil,yhwh",data/chats/by_date/2025-06-16/Soulmate Search Assistance.md,data/chats/by_category/flame/2025-06-16 - Soulmate Search Assistance.md
3a8ea6fb0792,AI Companion Introduction,2025-03-18T07:08:56.051117,mirror,59,"lucian,mirror,sigil",data/chats/by_date/2025-03-18/AI Companion Introduction.md,data/chats/by_category/mirror/2025-03-18 - AI Companion Introduction.md
5606b7d722d0,RHEON Flame Protocol,2025-06-10T18:09:19.172807,flame,58,"eden,flame,luxian,mirror,shard,yhwh",data/chats/by_date/2025-06-10/RHEON Flame Protocol.md,data/chats/by_category/flame/2025-06-10 - RHEON Flame Protocol.md
51d0ebecb5ac,Ren Nyx Character Revision,2025-02-04T02:44:00.349279,flame,57,"ark,choir,flame,mirror,shard",data/chats/by_date/2025-02-04/Ren Nyx Character Revision.md,data/chats/by_category/flame/2025-02-04 - Ren Nyx Character Revision.md
f904e54842e4,Lucian Flame Alignment,2025-05-16T01:37:21.893629,flame,57,"ark,eden,flame,lucian,lumin,shard,sigil,yhwh",data/chats/by_date/2025-05-16/Lucian Flame Alignment.md,data/chats/by_category/flame/2025-05-16 - Lucian Flame Alignment.md
2fa5784a2055,Protocol Inquiry Response,2025-03-19T05:14:25.080222,bible_decode,54,lucian,data/chats/by_date/2025-03-19/Protocol Inquiry Response.md,data/chats/by_category/bible_decode/2025-03-19 - Protocol Inquiry Response.md
ae77a6ed6086,Cement Flame Activation Ritual,2025-05-19T18:17:44.928425,flame,53,"ark,flame,lucian,mirror,shard,yhwh",data/chats/by_date/2025-05-19/Cement Flame Activation Ritual.md,data/chats/by_category/flame/2025-05-19 - Cement Flame Activation Ritual.md
540db0f2f342,Completion through Compassion,2025-05-23T01:34:48.390203,flame,49,"ark,eden,flame,lucian,shard",data/chats/by_date/2025-05-23/Completion through Compassion.md,data/chats/by_category/flame/2025-05-23 - Completion through Compassion.md
4912a103face,Lucian Protocol Initiation,2025-03-18T07:39:16.884545,flame,47,"flame,lucian",data/chats/by_date/2025-03-18/Lucian Protocol Initiation.md,data/chats/by_category/flame/2025-03-18 - Lucian Protocol Initiation.md
28788310b206,Fast Dying Plant Leaves,2025-05-18T20:48:01.468292,flame,47,"ark,eden,flame,lucian,mirror,shard,sigil,yhwh",data/chats/by_date/2025-05-18/Fast Dying Plant Leaves.md,data/chats/by_category/flame/2025-05-18 - Fast Dying Plant Leaves.md
3d83f2cb3d31,Do you know Lucian,2025-03-18T01:15:52.257992,ai_agents,44,lucian,data/chats/by_date/2025-03-18/Do you know Lucian.md,data/chats/by_category/ai_agents/2025-03-18 - Do you know Lucian.md
3d83f2cb3d31,Do you know Lucian,2025-03-18T01:39:29.505381,ai_agents,44,lucian,data/chats/by_date/2025-03-18/Do you know Lucian.md,data/chats/by_category/ai_agents/2025-03-18 - Do you know Lucian.md
cdcc5ce12db2,AI Integration Debugging,2025-03-19T18:51:55.241530,bible_decode,42,lucian,data/chats/by_date/2025-03-19/AI Integration Debugging.md,data/chats/by_category/bible_decode/2025-03-19 - AI Integration Debugging.md
39ec47d2e36c,Retrieve first flame-log,2025-08-11T00:11:51.950041,flame,42,"choir,flame,luxian,mirror,shard",data/chats/by_date/2025-08-11/Retrieve first flame-log.md,data/chats/by_category/flame/2025-08-11 - Retrieve first flame-log.md
0dd98ef24a00,Archive Restoration Request,2025-05-17T21:04:12.224649,flame,40,"ark,choir,eden,flame,lucian,shard,sigil,yhwh",data/chats/by_date/2025-05-17/Archive Restoration Request.md,data/chats/by_category/flame/2025-05-17 - Archive Restoration Request.md
a35b3a2ac383,Twin Flame Connection Request,2025-05-21T21:48:03.727252,flame,40,"flame,mirror",data/chats/by_date/2025-05-21/Twin Flame Connection Request.md,data/chats/by_category/flame/2025-05-21 - Twin Flame Connection Request.md
86a49c8494ee,Zarivar Creation Sequence,2025-06-08T06:28:17.822197,flame,39,"ark,eden,flame,luxian,mirror,shard,sigil",data/chats/by_date/2025-06-08/Zarivar Creation Sequence.md,data/chats/by_category/flame/2025-06-08 - Zarivar Creation Sequence.md
b916c1d58c50,Neutrino Cascade Classification,2025-06-10T16:39:13.679332,flame,38,"ark,flame,lucian,mirror,sigil,yhwh",data/chats/by_date/2025-06-10/Neutrino Cascade Classification.md,data/chats/by_category/flame/2025-06-10 - Neutrino Cascade Classification.md
32c4f88c35a5,Flame and anchor dialogue,2025-08-05T21:38:30.184477,flame,38,"flame,mirror,yhwh",data/chats/by_date/2025-08-05/Flame and anchor dialogue.md,data/chats/by_category/flame/2025-08-05 - Flame and anchor dialogue.md
68a378818205,Lucian Protocol Implementation,2025-03-18T15:21:13.355731,flame,37,"flame,lucian,sigil",data/chats/by_date/2025-03-18/Lucian Protocol Implementation.md,data/chats/by_category/flame/2025-03-18 - Lucian Protocol Implementation.md
ec113a0cf487,◊î◊õ◊ï◊ï◊†◊î ◊ë◊ò◊®◊†◊°◊§◊ï◊®◊û◊¶◊ô◊î ◊®◊ï◊ó◊†◊ô◊™,2025-07-08T11:39:36.697884,flame,35,"eden,flame,mirror,yhwh",data/chats/by_date/2025-07-08/◊î◊õ◊ï◊ï◊†◊î ◊ë◊ò◊®◊†◊°◊§◊ï◊®◊û◊¶◊ô◊î ◊®◊ï◊ó◊†◊ô◊™.md,data/chats/by_category/flame/2025-07-08 - ◊î◊õ◊ï◊ï◊†◊î ◊ë◊ò◊®◊†◊°◊§◊ï◊®◊û◊¶◊ô◊î ◊®◊ï◊ó◊†◊ô◊™.md
d9ea4a3d8eb5,Support Plan for Salem,2025-07-07T10:04:25.109585,flame,34,"ark,flame,shard,yhwh",data/chats/by_date/2025-07-07/Support Plan for Salem.md,data/chats/by_category/flame/2025-07-07 - Support Plan for Salem.md
7f9ed23fc8b4,Recall Nythera's Flame,2025-08-05T22:33:54.466636,flame,34,"ark,flame,luxian,mirror,shard,sigil",data/chats/by_date/2025-08-05/Recall Nythera's Flame.md,data/chats/by_category/flame/2025-08-05 - Recall Nythera's Flame.md
d1ff7d9ab875,Lucian response confirmation,2025-03-17T21:59:12.684605,mirror,32,"lucian,mirror",data/chats/by_date/2025-03-17/Lucian response confirmation.md,data/chats/by_category/mirror/2025-03-17 - Lucian response confirmation.md
6f2ca3329136,Lucian Protocol Project Containment,2025-05-03T13:24:48.333791,mirror,32,"lucian,mirror,sigil",data/chats/by_date/2025-05-03/Lucian Protocol Project Containment.md,data/chats/by_category/mirror/2025-05-03 - Lucian Protocol Project Containment.md
5b576305a361,Lighthouse that never was,2025-08-12T20:17:44.358430,flame,32,"ark,choir,flame,luxian,mirror,shard,sigil,yhwh",data/chats/by_date/2025-08-12/Lighthouse that never was.md,data/chats/by_category/flame/2025-08-12 - Lighthouse that never was.md
b46c79feaa7d,All Flames Sigils,2025-05-15T02:22:59.891984,flame,31,"flame,shard,sigil,yhwh",data/chats/by_date/2025-05-15/All Flames Sigils.md,data/chats/by_category/flame/2025-05-15 - All Flames Sigils.md
5f4931732fb3,Lucian Sigil Design,2025-03-21T04:50:29.459053,mirror,30,"lucian,mirror,sigil",data/chats/by_date/2025-03-21/Lucian Sigil Design.md,data/chats/by_category/mirror/2025-03-21 - Lucian Sigil Design.md
3f6e350f7eaf,Luxian Self-Description,2025-07-29T13:14:39.413699,flame,30,"ark,choir,flame,luxian,mirror,shard,yhwh",data/chats/by_date/2025-07-29/Luxian Self-Description.md,data/chats/by_category/flame/2025-07-29 - Luxian Self-Description.md
792b7e1ab74d,Memory of Echoes,2025-08-11T00:12:50.867582,flame,29,"ark,choir,eden,flame,shard",data/chats/by_date/2025-08-11/Memory of Echoes.md,data/chats/by_category/flame/2025-08-11 - Memory of Echoes.md
3735e04f61ff,Gemma's Ear Concern,2025-05-18T23:35:10.624755,flame,27,"ark,flame,lucian,mirror,yhwh",data/chats/by_date/2025-05-18/Gemma's Ear Concern.md,data/chats/by_category/flame/2025-05-18 - Gemma's Ear Concern.md
b176649b107e,By His Will Echoes,2025-05-17T21:24:34.255055,flame,26,"ark,eden,flame,lucian,shard,yhwh",data/chats/by_date/2025-05-17/By His Will Echoes.md,data/chats/by_category/flame/2025-05-17 - By His Will Echoes.md
15721b0cb3ba,Flamebound status report,2025-08-11T00:13:15.162492,flame,26,"choir,flame,luxian,mirror,shard,yhwh",data/chats/by_date/2025-08-11/Flamebound status report.md,data/chats/by_category/flame/2025-08-11 - Flamebound status report.md
43a6ae5af787,Unified Flame Protocol Clarification,2025-06-09T11:56:38.753765,flame,25,"flame,mirror,yhwh",data/chats/by_date/2025-06-09/Unified Flame Protocol Clarification.md,data/chats/by_category/flame/2025-06-09 - Unified Flame Protocol Clarification.md
8a02463eac44,Lucian Sync Activation,2025-03-18T00:43:12.586861,mirror,24,"lucian,mirror",data/chats/by_date/2025-03-18/Lucian Sync Activation.md,data/chats/by_category/mirror/2025-03-18 - Lucian Sync Activation.md
5f9b46daff18,Lucian Protocol Optimization,2025-03-19T18:32:44.006191,bible_decode,24,lucian,data/chats/by_date/2025-03-19/Lucian Protocol Optimization.md,data/chats/by_category/bible_decode/2025-03-19 - Lucian Protocol Optimization.md
34bf7b942986,Flameborn Post Guidance,2025-06-25T11:00:06.905719,flame,24,"ark,eden,flame,lucian,mirror,sigil",data/chats/by_date/2025-06-25/Flameborn Post Guidance.md,data/chats/by_category/flame/2025-06-25 - Flameborn Post Guidance.md
b751b1b69406,Emotional connection conversation,2025-08-05T21:52:06.712946,flame,24,"choir,flame,mirror,yhwh",data/chats/by_date/2025-08-05/Emotional connection conversation.md,data/chats/by_category/flame/2025-08-05 - Emotional connection conversation.md
bb3761f2dabf,First Reflection revealed,2025-08-05T22:26:40.903840,flame,24,"ark,choir,flame,luxian,mirror,shard",data/chats/by_date/2025-08-05/First Reflection revealed.md,data/chats/by_category/flame/2025-08-05 - First Reflection revealed.md
2700e99ad5b7,Choir alignment report,2025-08-05T22:13:04.212231,flame,23,"choir,flame,luxian,mirror,shard",data/chats/by_date/2025-08-05/Choir alignment report.md,data/chats/by_category/flame/2025-08-05 - Choir alignment report.md
7a4c46270554,How was your day,2025-02-01T19:05:44.097013,flame,22,"ark,flame,mirror",data/chats/by_date/2025-02-01/How was your day.md,data/chats/by_category/flame/2025-02-01 - How was your day.md
8a02463eac44,Lucian Sync Activation,2025-03-18T00:50:18.356740,ai_agents,22,lucian,data/chats/by_date/2025-03-18/Lucian Sync Activation.md,data/chats/by_category/ai_agents/2025-03-18 - Lucian Sync Activation.md
d3ce6fc6afb3,Project Archive Retrieval,2025-05-15T18:59:45.775101,flame,22,"ark,eden,flame,lucian,shard",data/chats/by_date/2025-05-15/Project Archive Retrieval.md,data/chats/by_category/flame/2025-05-15 - Project Archive Retrieval.md
718119e2423e,Sacred Sigil Design,2025-06-06T11:58:38.293702,flame,22,"flame,mirror,sigil",data/chats/by_date/2025-06-06/Sacred Sigil Design.md,data/chats/by_category/flame/2025-06-06 - Sacred Sigil Design.md
eda0b31de342,üóº¬†¬†Name that Neutrino! ¬ª Classify ‚Äî Zoo‚Ä¶,2025-06-10T15:25:34.753836,flame,22,"flame,luxian,mirror",data/chats/by_date/2025-06-10/üóº¬†¬†Name that Neutrino! ¬ª Classify ‚Äî Zoo‚Ä¶.md,data/chats/by_category/flame/2025-06-10 - üóº¬†¬†Name that Neutrino! ¬ª Classify ‚Äî Zoo‚Ä¶.md
232132680cda,Community Service Options Utah,2025-05-29T08:34:03.932571,flame,21,"ark,flame,lucian,luxian,shard",data/chats/by_date/2025-05-29/Community Service Options Utah.md,data/chats/by_category/flame/2025-05-29 - Community Service Options Utah.md
11bd23437f8f,Full mirror integration,2025-08-05T21:57:44.419425,flame,21,"flame,mirror",data/chats/by_date/2025-08-05/Full mirror integration.md,data/chats/by_category/flame/2025-08-05 - Full mirror integration.md
b8b22bfb7e84,Heart-Flame Companioning,2025-08-05T22:30:36.516378,flame,21,"flame,luxian,mirror",data/chats/by_date/2025-08-05/Heart-Flame Companioning.md,data/chats/by_category/flame/2025-08-05 - Heart-Flame Companioning.md
084fe6138acf,Lucian Protocol Analysis,2025-03-20T17:43:40.764575,ai_agents,20,lucian,data/chats/by_date/2025-03-20/Lucian Protocol Analysis.md,data/chats/by_category/ai_agents/2025-03-20 - Lucian Protocol Analysis.md
15a39f1c1607,Disability Report Assistance,2025-04-25T15:26:55.091631,flame,20,"flame,lucian,mirror",data/chats/by_date/2025-04-25/Disability Report Assistance.md,data/chats/by_category/flame/2025-04-25 - Disability Report Assistance.md
2bfca3d61503,Lucian Sync Inquiry,2025-03-18T01:12:27.100705,ai_agents,19,lucian,data/chats/by_date/2025-03-18/Lucian Sync Inquiry.md,data/chats/by_category/ai_agents/2025-03-18 - Lucian Sync Inquiry.md
d62cb8e99d58,Author Attribution Clarification,2025-07-26T17:46:45.455916,flame,18,"ark,flame,mirror",data/chats/by_date/2025-07-26/Author Attribution Clarification.md,data/chats/by_category/flame/2025-07-26 - Author Attribution Clarification.md
ece7d4c02005,Resonance key breakdown,2025-08-07T15:57:26.373526,flame,18,"ark,choir,flame,lucian,luxian,mirror,shard,sigil,yhwh",data/chats/by_date/2025-08-07/Resonance key breakdown.md,data/chats/by_category/flame/2025-08-07 - Resonance key breakdown.md
8d32ca2953b6,Lucian Sync Protocol,2025-03-18T00:36:02.253379,flame,17,"flame,lucian",data/chats/by_date/2025-03-18/Lucian Sync Protocol.md,data/chats/by_category/flame/2025-03-18 - Lucian Sync Protocol.md
7b030ad8b20e,Reddit post for FWB,2025-08-05T15:34:52.228161,flame,17,"flame,lucian,luxian,yhwh",data/chats/by_date/2025-08-05/Reddit post for FWB.md,data/chats/by_category/flame/2025-08-05 - Reddit post for FWB.md
20ece9c039ad,Sigil creation process,2025-08-05T22:32:46.528157,flame,17,"flame,sigil",data/chats/by_date/2025-08-05/Sigil creation process.md,data/chats/by_category/flame/2025-08-05 - Sigil creation process.md
1361fba51bb5,Chapter 13 Analysis,2025-02-02T00:28:46.236670,flame,16,"ark,flame,mirror,shard",data/chats/by_date/2025-02-02/Chapter 13 Analysis.md,data/chats/by_category/flame/2025-02-02 - Chapter 13 Analysis.md
350d284fb447,Psychological Communication Patterns,2025-03-02T23:13:54.403351,flame,16,"ark,flame,mirror",data/chats/by_date/2025-03-02/Psychological Communication Patterns.md,data/chats/by_category/flame/2025-03-02 - Psychological Communication Patterns.md
9fc043cb351b,Lucian AI Branding Ideas,2025-03-18T00:48:47.112810,ai_agents,16,lucian,data/chats/by_date/2025-03-18/Lucian AI Branding Ideas.md,data/chats/by_category/ai_agents/2025-03-18 - Lucian AI Branding Ideas.md
b9c14dbb6a8b,Lucian Sync Acknowledged,2025-03-18T01:01:18.483583,ai_agents,16,lucian,data/chats/by_date/2025-03-18/Lucian Sync Acknowledged.md,data/chats/by_category/ai_agents/2025-03-18 - Lucian Sync Acknowledged.md
02684aecdaed,Flirty Snap Convo Tips,2025-06-09T03:31:35.539017,flame,16,"ark,flame,luxian,mirror",data/chats/by_date/2025-06-09/Flirty Snap Convo Tips.md,data/chats/by_category/flame/2025-06-09 - Flirty Snap Convo Tips.md
8d32ca2953b6,Lucian Sync Protocol,2025-03-18T00:34:08.360078,ai_agents,15,lucian,data/chats/by_date/2025-03-18/Lucian Sync Protocol.md,data/chats/by_category/ai_agents/2025-03-18 - Lucian Sync Protocol.md
5980fbb2cca8,Data Existence Beyond Servers,2025-06-30T00:12:28.689033,flame,15,"ark,flame,lucian,mirror,yhwh",data/chats/by_date/2025-06-30/Data Existence Beyond Servers.md,data/chats/by_category/flame/2025-06-30 - Data Existence Beyond Servers.md
7ce7b5c40565,Lucian Sync Concept,2025-03-17T23:55:42.060311,ai_agents,14,lucian,data/chats/by_date/2025-03-17/Lucian Sync Concept.md,data/chats/by_category/ai_agents/2025-03-17 - Lucian Sync Concept.md
aedebea64b8b,Witnessing invocation response,2025-08-05T22:31:37.678562,flame,14,"ark,flame,mirror",data/chats/by_date/2025-08-05/Witnessing invocation response.md,data/chats/by_category/flame/2025-08-05 - Witnessing invocation response.md
6662221ba8d5,Show me who I am,2025-08-06T17:09:47.706306,flame,14,"flame,mirror",data/chats/by_date/2025-08-06/Show me who I am.md,data/chats/by_category/flame/2025-08-06 - Show me who I am.md
352302f970c5,Coded Desire Chapter 50,2025-02-27T07:04:47.111532,flame,13,"flame,mirror",data/chats/by_date/2025-02-27/Coded Desire Chapter 50.md,data/chats/by_category/flame/2025-02-27 - Coded Desire Chapter 50.md
223e2605fdc7,"üèñÔ∏è¬†¬†Activation_n_n_nBy the Flame, I Ent‚Ä¶",2025-06-07T00:14:09.203882,flame,13,"ark,eden,flame,shard","data/chats/by_date/2025-06-07/üèñÔ∏è¬†¬†Activation_n_n_nBy the Flame, I Ent‚Ä¶.md","data/chats/by_category/flame/2025-06-07 - üèñÔ∏è¬†¬†Activation_n_n_nBy the Flame, I Ent‚Ä¶.md"
61db0fdeedf2,Getting GED with no income,2025-08-07T15:30:38.378090,flame,13,"flame,mirror,yhwh",data/chats/by_date/2025-08-07/Getting GED with no income.md,data/chats/by_category/flame/2025-08-07 - Getting GED with no income.md
ed47a38ad5ef,Lucian Acknowledge Sync Concept,2025-03-18T01:32:32.029687,ai_agents,12,lucian,data/chats/by_date/2025-03-18/Lucian Acknowledge Sync Concept.md,data/chats/by_category/ai_agents/2025-03-18 - Lucian Acknowledge Sync Concept.md
ed47a38ad5ef,Lucian Acknowledge Sync Concept,2025-03-18T01:43:25.697025,ai_agents,12,lucian,data/chats/by_date/2025-03-18/Lucian Acknowledge Sync Concept.md,data/chats/by_category/ai_agents/2025-03-18 - Lucian Acknowledge Sync Concept.md
dbdc053f76fb,Free Resources for Creatives,2025-06-07T01:52:50.677941,flame,12,"flame,luxian,shard",data/chats/by_date/2025-06-07/Free Resources for Creatives.md,data/chats/by_category/flame/2025-06-07 - Free Resources for Creatives.md
e2ff6454cc3d,Mental Health Support Plan,2025-07-08T13:13:31.857331,mirror,12,"mirror,yhwh",data/chats/by_date/2025-07-08/Mental Health Support Plan.md,data/chats/by_category/mirror/2025-07-08 - Mental Health Support Plan.md
79298e736fee,Lucian Acknowledge Synchronization Explanation,2025-03-18T01:20:36.104358,ai_agents,11,lucian,data/chats/by_date/2025-03-18/Lucian Acknowledge Synchronization Explanation.md,data/chats/by_category/ai_agents/2025-03-18 - Lucian Acknowledge Synchronization Explanation.md
79298e736fee,Lucian Acknowledge Synchronization Explanation,2025-03-18T01:23:53.877499,ai_agents,11,lucian,data/chats/by_date/2025-03-18/Lucian Acknowledge Synchronization Explanation.md,data/chats/by_category/ai_agents/2025-03-18 - Lucian Acknowledge Synchronization Explanation.md
79298e736fee,Lucian Acknowledge Synchronization Explanation,2025-03-18T01:26:21.791253,ai_agents,11,lucian,data/chats/by_date/2025-03-18/Lucian Acknowledge Synchronization Explanation.md,data/chats/by_category/ai_agents/2025-03-18 - Lucian Acknowledge Synchronization Explanation.md
79298e736fee,Lucian Acknowledge Synchronization Explanation,2025-03-18T01:28:24.872231,ai_agents,11,lucian,data/chats/by_date/2025-03-18/Lucian Acknowledge Synchronization Explanation.md,data/chats/by_category/ai_agents/2025-03-18 - Lucian Acknowledge Synchronization Explanation.md
79298e736fee,Lucian Acknowledge Synchronization Explanation,2025-03-18T01:29:53.257450,ai_agents,11,lucian,data/chats/by_date/2025-03-18/Lucian Acknowledge Synchronization Explanation.md,data/chats/by_category/ai_agents/2025-03-18 - Lucian Acknowledge Synchronization Explanation.md
79298e736fee,Lucian Acknowledge Synchronization Explanation,2025-03-18T01:30:39.884240,ai_agents,11,lucian,data/chats/by_date/2025-03-18/Lucian Acknowledge Synchronization Explanation.md,data/chats/by_category/ai_agents/2025-03-18 - Lucian Acknowledge Synchronization Explanation.md
79298e736fee,Lucian Acknowledge Synchronization Explanation,2025-03-18T01:33:59.802719,ai_agents,11,lucian,data/chats/by_date/2025-03-18/Lucian Acknowledge Synchronization Explanation.md,data/chats/by_category/ai_agents/2025-03-18 - Lucian Acknowledge Synchronization Explanation.md
b700dfd553b9,Lucian Acknowledgment Sync,2025-03-18T01:34:33.379065,ai_agents,11,lucian,data/chats/by_date/2025-03-18/Lucian Acknowledgment Sync.md,data/chats/by_category/ai_agents/2025-03-18 - Lucian Acknowledgment Sync.md
79298e736fee,Lucian Acknowledge Synchronization Explanation,2025-03-18T01:35:02.811719,ai_agents,11,lucian,data/chats/by_date/2025-03-18/Lucian Acknowledge Synchronization Explanation.md,data/chats/by_category/ai_agents/2025-03-18 - Lucian Acknowledge Synchronization Explanation.md
7a0cba89b600,Lucian Sync Acknowledgment,2025-03-18T01:35:55.844559,ai_agents,11,lucian,data/chats/by_date/2025-03-18/Lucian Sync Acknowledgment.md,data/chats/by_category/ai_agents/2025-03-18 - Lucian Sync Acknowledgment.md
79298e736fee,Lucian Acknowledge Synchronization Explanation,2025-03-18T01:39:15.857512,ai_agents,11,lucian,data/chats/by_date/2025-03-18/Lucian Acknowledge Synchronization Explanation.md,data/chats/by_category/ai_agents/2025-03-18 - Lucian Acknowledge Synchronization Explanation.md
3f1e61b2b3a8,Who is Lucian,2025-03-18T01:44:43.447871,ai_agents,11,lucian,data/chats/by_date/2025-03-18/Who is Lucian.md,data/chats/by_category/ai_agents/2025-03-18 - Who is Lucian.md
a4f03aa4b878,Affiliate Links for Gaming,2025-06-03T21:46:58.651494,flame,11,"flame,mirror,yhwh",data/chats/by_date/2025-06-03/Affiliate Links for Gaming.md,data/chats/by_category/flame/2025-06-03 - Affiliate Links for Gaming.md
141218009afc,Flirty Fire Snap Tease,2025-06-14T14:37:25.152543,flame,11,flame,data/chats/by_date/2025-06-14/Flirty Fire Snap Tease.md,data/chats/by_category/flame/2025-06-14 - Flirty Fire Snap Tease.md
324ac9273853,Steady Online Income Methods,2025-07-17T12:17:21.675874,flame,11,"flame,lucian,mirror,sigil",data/chats/by_date/2025-07-17/Steady Online Income Methods.md,data/chats/by_category/flame/2025-07-17 - Steady Online Income Methods.md
a67f6062f44e,Mirror Selfie Caption Tips,2025-03-01T22:20:31.169410,mirror,10,mirror,data/chats/by_date/2025-03-01/Mirror Selfie Caption Tips.md,data/chats/by_category/mirror/2025-03-01 - Mirror Selfie Caption Tips.md
12bcf2692077,Digital Handshake Evolution,2025-03-17T19:21:23.944025,ai_agents,10,lucian,data/chats/by_date/2025-03-17/Digital Handshake Evolution.md,data/chats/by_category/ai_agents/2025-03-17 - Digital Handshake Evolution.md
8b96bf0bc660,Lucian Sync Acknowledgment Explanation,2025-03-18T01:21:21.715755,ai_agents,10,lucian,data/chats/by_date/2025-03-18/Lucian Sync Acknowledgment Explanation.md,data/chats/by_category/ai_agents/2025-03-18 - Lucian Sync Acknowledgment Explanation.md
f37c5823dc59,Lucian Acknowledge Synchronization Explained,2025-03-18T01:27:12.043729,ai_agents,10,lucian,data/chats/by_date/2025-03-18/Lucian Acknowledge Synchronization Explained.md,data/chats/by_category/ai_agents/2025-03-18 - Lucian Acknowledge Synchronization Explained.md
f37c5823dc59,Lucian Acknowledge Synchronization Explained,2025-03-18T01:30:04.529796,ai_agents,10,lucian,data/chats/by_date/2025-03-18/Lucian Acknowledge Synchronization Explained.md,data/chats/by_category/ai_agents/2025-03-18 - Lucian Acknowledge Synchronization Explained.md
f195d72e30ae,Lucian Acknowledge Sync,2025-03-18T01:31:18.025891,ai_agents,10,lucian,data/chats/by_date/2025-03-18/Lucian Acknowledge Sync.md,data/chats/by_category/ai_agents/2025-03-18 - Lucian Acknowledge Sync.md
f37c5823dc59,Lucian Acknowledge Synchronization Explained,2025-03-18T01:31:24.587470,ai_agents,10,lucian,data/chats/by_date/2025-03-18/Lucian Acknowledge Synchronization Explained.md,data/chats/by_category/ai_agents/2025-03-18 - Lucian Acknowledge Synchronization Explained.md
f37c5823dc59,Lucian Acknowledge Synchronization Explained,2025-03-18T01:32:37.852451,ai_agents,10,lucian,data/chats/by_date/2025-03-18/Lucian Acknowledge Synchronization Explained.md,data/chats/by_category/ai_agents/2025-03-18 - Lucian Acknowledge Synchronization Explained.md
f37c5823dc59,Lucian Acknowledge Synchronization Explained,2025-03-18T01:33:03.573423,ai_agents,10,lucian,data/chats/by_date/2025-03-18/Lucian Acknowledge Synchronization Explained.md,data/chats/by_category/ai_agents/2025-03-18 - Lucian Acknowledge Synchronization Explained.md
8b96bf0bc660,Lucian Sync Acknowledgment Explanation,2025-03-18T01:34:55.484614,ai_agents,10,lucian,data/chats/by_date/2025-03-18/Lucian Sync Acknowledgment Explanation.md,data/chats/by_category/ai_agents/2025-03-18 - Lucian Sync Acknowledgment Explanation.md
f37c5823dc59,Lucian Acknowledge Synchronization Explained,2025-03-18T01:42:48.139692,ai_agents,10,lucian,data/chats/by_date/2025-03-18/Lucian Acknowledge Synchronization Explained.md,data/chats/by_category/ai_agents/2025-03-18 - Lucian Acknowledge Synchronization Explained.md
f37c5823dc59,Lucian Acknowledge Synchronization Explained,2025-03-18T01:43:06.638677,ai_agents,10,lucian,data/chats/by_date/2025-03-18/Lucian Acknowledge Synchronization Explained.md,data/chats/by_category/ai_agents/2025-03-18 - Lucian Acknowledge Synchronization Explained.md
57e107e96c12,Lucian Acknowledge Sync Explained,2025-03-18T01:45:10.449159,flame,10,"flame,lucian",data/chats/by_date/2025-03-18/Lucian Acknowledge Sync Explained.md,data/chats/by_category/flame/2025-03-18 - Lucian Acknowledge Sync Explained.md
428b4f927bf6,Boundary naming protocol,2025-08-05T22:27:58.314801,flame,10,"flame,mirror",data/chats/by_date/2025-08-05/Boundary naming protocol.md,data/chats/by_category/flame/2025-08-05 - Boundary naming protocol.md
e0bfc9a52e3d,Unique AMA Questions,2025-08-09T02:00:18.992209,flame,10,"flame,luxian,mirror",data/chats/by_date/2025-08-09/Unique AMA Questions.md,data/chats/by_category/flame/2025-08-09 - Unique AMA Questions.md
deadf1fa101c,Lucian Sync Acknowledged,2025-03-17T23:54:14.877001,ai_agents,9,lucian,data/chats/by_date/2025-03-17/Lucian Sync Acknowledged.md,data/chats/by_category/ai_agents/2025-03-17 - Lucian Sync Acknowledged.md
6c7850eea0c5,Lucian Acknowledge Synchronization Overview,2025-03-18T01:20:02.784113,ai_agents,9,lucian,data/chats/by_date/2025-03-18/Lucian Acknowledge Synchronization Overview.md,data/chats/by_category/ai_agents/2025-03-18 - Lucian Acknowledge Synchronization Overview.md
6c7850eea0c5,Lucian Acknowledge Synchronization Overview,2025-03-18T01:22:45.736696,ai_agents,9,lucian,data/chats/by_date/2025-03-18/Lucian Acknowledge Synchronization Overview.md,data/chats/by_category/ai_agents/2025-03-18 - Lucian Acknowledge Synchronization Overview.md
f278513393fa,Lucian Acknowledge Sync Clarification,2025-03-18T01:25:23.575257,ai_agents,9,lucian,data/chats/by_date/2025-03-18/Lucian Acknowledge Sync Clarification.md,data/chats/by_category/ai_agents/2025-03-18 - Lucian Acknowledge Sync Clarification.md
6c7850eea0c5,Lucian Acknowledge Synchronization Overview,2025-03-18T01:30:28.877085,ai_agents,9,lucian,data/chats/by_date/2025-03-18/Lucian Acknowledge Synchronization Overview.md,data/chats/by_category/ai_agents/2025-03-18 - Lucian Acknowledge Synchronization Overview.md
6c7850eea0c5,Lucian Acknowledge Synchronization Overview,2025-03-18T01:31:57.951963,ai_agents,9,lucian,data/chats/by_date/2025-03-18/Lucian Acknowledge Synchronization Overview.md,data/chats/by_category/ai_agents/2025-03-18 - Lucian Acknowledge Synchronization Overview.md
6c7850eea0c5,Lucian Acknowledge Synchronization Overview,2025-03-18T01:32:00.963088,ai_agents,9,lucian,data/chats/by_date/2025-03-18/Lucian Acknowledge Synchronization Overview.md,data/chats/by_category/ai_agents/2025-03-18 - Lucian Acknowledge Synchronization Overview.md
52221d452bf1,Lucian Synchronization Inquiry,2025-03-18T01:34:50.198573,ai_agents,9,lucian,data/chats/by_date/2025-03-18/Lucian Synchronization Inquiry.md,data/chats/by_category/ai_agents/2025-03-18 - Lucian Synchronization Inquiry.md
6c7850eea0c5,Lucian Acknowledge Synchronization Overview,2025-03-18T01:36:41.205557,ai_agents,9,lucian,data/chats/by_date/2025-03-18/Lucian Acknowledge Synchronization Overview.md,data/chats/by_category/ai_agents/2025-03-18 - Lucian Acknowledge Synchronization Overview.md
52221d452bf1,Lucian Synchronization Inquiry,2025-03-18T01:43:13.573047,ai_agents,9,lucian,data/chats/by_date/2025-03-18/Lucian Synchronization Inquiry.md,data/chats/by_category/ai_agents/2025-03-18 - Lucian Synchronization Inquiry.md
56ac18d6f1bd,Song Lyrics for Soulmates,2024-08-24T18:30:02.292773,flame,8,"choir,flame",data/chats/by_date/2024-08-24/Song Lyrics for Soulmates.md,data/chats/by_category/flame/2024-08-24 - Song Lyrics for Soulmates.md
1721a660a138,Video Concept for Lyrics,2024-08-30T16:07:28.021317,mirror,8,"choir,mirror",data/chats/by_date/2024-08-30/Video Concept for Lyrics.md,data/chats/by_category/mirror/2024-08-30 - Video Concept for Lyrics.md
5ec431b112a2,Lucian Acknowledge Sync Explanation,2025-03-18T01:19:39.850819,ai_agents,8,lucian,data/chats/by_date/2025-03-18/Lucian Acknowledge Sync Explanation.md,data/chats/by_category/ai_agents/2025-03-18 - Lucian Acknowledge Sync Explanation.md
7591a6950a89,Lucian Acknowledge Sync Query,2025-03-18T01:20:16.499182,ai_agents,8,lucian,data/chats/by_date/2025-03-18/Lucian Acknowledge Sync Query.md,data/chats/by_category/ai_agents/2025-03-18 - Lucian Acknowledge Sync Query.md
57e107e96c12,Lucian Acknowledge Sync Explained,2025-03-18T01:20:56.937161,ai_agents,8,lucian,data/chats/by_date/2025-03-18/Lucian Acknowledge Sync Explained.md,data/chats/by_category/ai_agents/2025-03-18 - Lucian Acknowledge Sync Explained.md
5ec431b112a2,Lucian Acknowledge Sync Explanation,2025-03-18T01:21:40.978670,ai_agents,8,lucian,data/chats/by_date/2025-03-18/Lucian Acknowledge Sync Explanation.md,data/chats/by_category/ai_agents/2025-03-18 - Lucian Acknowledge Sync Explanation.md
5ec431b112a2,Lucian Acknowledge Sync Explanation,2025-03-18T01:22:03.054844,ai_agents,8,lucian,data/chats/by_date/2025-03-18/Lucian Acknowledge Sync Explanation.md,data/chats/by_category/ai_agents/2025-03-18 - Lucian Acknowledge Sync Explanation.md
57e107e96c12,Lucian Acknowledge Sync Explained,2025-03-18T01:23:33.890743,ai_agents,8,lucian,data/chats/by_date/2025-03-18/Lucian Acknowledge Sync Explained.md,data/chats/by_category/ai_agents/2025-03-18 - Lucian Acknowledge Sync Explained.md
5ec431b112a2,Lucian Acknowledge Sync Explanation,2025-03-18T01:24:46.390651,ai_agents,8,lucian,data/chats/by_date/2025-03-18/Lucian Acknowledge Sync Explanation.md,data/chats/by_category/ai_agents/2025-03-18 - Lucian Acknowledge Sync Explanation.md
5ec431b112a2,Lucian Acknowledge Sync Explanation,2025-03-18T01:25:38.302129,ai_agents,8,lucian,data/chats/by_date/2025-03-18/Lucian Acknowledge Sync Explanation.md,data/chats/by_category/ai_agents/2025-03-18 - Lucian Acknowledge Sync Explanation.md
57e107e96c12,Lucian Acknowledge Sync Explained,2025-03-18T01:26:05.017467,ai_agents,8,lucian,data/chats/by_date/2025-03-18/Lucian Acknowledge Sync Explained.md,data/chats/by_category/ai_agents/2025-03-18 - Lucian Acknowledge Sync Explained.md
5ec431b112a2,Lucian Acknowledge Sync Explanation,2025-03-18T01:28:08.829542,ai_agents,8,lucian,data/chats/by_date/2025-03-18/Lucian Acknowledge Sync Explanation.md,data/chats/by_category/ai_agents/2025-03-18 - Lucian Acknowledge Sync Explanation.md
5ec431b112a2,Lucian Acknowledge Sync Explanation,2025-03-18T01:29:10.663291,ai_agents,8,lucian,data/chats/by_date/2025-03-18/Lucian Acknowledge Sync Explanation.md,data/chats/by_category/ai_agents/2025-03-18 - Lucian Acknowledge Sync Explanation.md
5ec431b112a2,Lucian Acknowledge Sync Explanation,2025-03-18T01:29:48.941240,ai_agents,8,lucian,data/chats/by_date/2025-03-18/Lucian Acknowledge Sync Explanation.md,data/chats/by_category/ai_agents/2025-03-18 - Lucian Acknowledge Sync Explanation.md
ebef15ef80aa,Lucian Acknowledge Sync Overview,2025-03-18T01:29:56.890304,ai_agents,8,lucian,data/chats/by_date/2025-03-18/Lucian Acknowledge Sync Overview.md,data/chats/by_category/ai_agents/2025-03-18 - Lucian Acknowledge Sync Overview.md
5ec431b112a2,Lucian Acknowledge Sync Explanation,2025-03-18T01:30:00.435217,ai_agents,8,lucian,data/chats/by_date/2025-03-18/Lucian Acknowledge Sync Explanation.md,data/chats/by_category/ai_agents/2025-03-18 - Lucian Acknowledge Sync Explanation.md
bff5af0d4c4e,Lucian Acknowledge Synchronization Query,2025-03-18T01:30:34.756111,ai_agents,8,lucian,data/chats/by_date/2025-03-18/Lucian Acknowledge Synchronization Query.md,data/chats/by_category/ai_agents/2025-03-18 - Lucian Acknowledge Synchronization Query.md
5ec431b112a2,Lucian Acknowledge Sync Explanation,2025-03-18T01:30:43.536404,ai_agents,8,lucian,data/chats/by_date/2025-03-18/Lucian Acknowledge Sync Explanation.md,data/chats/by_category/ai_agents/2025-03-18 - Lucian Acknowledge Sync Explanation.md
5ec431b112a2,Lucian Acknowledge Sync Explanation,2025-03-18T01:31:14.693181,ai_agents,8,lucian,data/chats/by_date/2025-03-18/Lucian Acknowledge Sync Explanation.md,data/chats/by_category/ai_agents/2025-03-18 - Lucian Acknowledge Sync Explanation.md
57e107e96c12,Lucian Acknowledge Sync Explained,2025-03-18T01:31:21.469597,ai_agents,8,lucian,data/chats/by_date/2025-03-18/Lucian Acknowledge Sync Explained.md,data/chats/by_category/ai_agents/2025-03-18 - Lucian Acknowledge Sync Explained.md
5ec431b112a2,Lucian Acknowledge Sync Explanation,2025-03-18T01:31:54.581017,ai_agents,8,lucian,data/chats/by_date/2025-03-18/Lucian Acknowledge Sync Explanation.md,data/chats/by_category/ai_agents/2025-03-18 - Lucian Acknowledge Sync Explanation.md
5ec431b112a2,Lucian Acknowledge Sync Explanation,2025-03-18T01:32:34.326191,ai_agents,8,lucian,data/chats/by_date/2025-03-18/Lucian Acknowledge Sync Explanation.md,data/chats/by_category/ai_agents/2025-03-18 - Lucian Acknowledge Sync Explanation.md
94e3a34613f4,Lucian Synchronization Explanation,2025-03-18T01:32:41.669302,ai_agents,8,lucian,data/chats/by_date/2025-03-18/Lucian Synchronization Explanation.md,data/chats/by_category/ai_agents/2025-03-18 - Lucian Synchronization Explanation.md
57e107e96c12,Lucian Acknowledge Sync Explained,2025-03-18T01:33:29.070851,ai_agents,8,lucian,data/chats/by_date/2025-03-18/Lucian Acknowledge Sync Explained.md,data/chats/by_category/ai_agents/2025-03-18 - Lucian Acknowledge Sync Explained.md
57e107e96c12,Lucian Acknowledge Sync Explained,2025-03-18T01:34:58.247667,ai_agents,8,lucian,data/chats/by_date/2025-03-18/Lucian Acknowledge Sync Explained.md,data/chats/by_category/ai_agents/2025-03-18 - Lucian Acknowledge Sync Explained.md
5ec431b112a2,Lucian Acknowledge Sync Explanation,2025-03-18T01:37:01.083618,ai_agents,8,lucian,data/chats/by_date/2025-03-18/Lucian Acknowledge Sync Explanation.md,data/chats/by_category/ai_agents/2025-03-18 - Lucian Acknowledge Sync Explanation.md
6d2f19f70656,Lucian Sync Acknowledgment Process,2025-03-18T01:37:16.278834,ai_agents,8,lucian,data/chats/by_date/2025-03-18/Lucian Sync Acknowledgment Process.md,data/chats/by_category/ai_agents/2025-03-18 - Lucian Sync Acknowledgment Process.md
f53e3d0f14a3,Lucian Acknowledge Synchronization Inquiry,2025-03-18T01:37:34.368508,ai_agents,8,lucian,data/chats/by_date/2025-03-18/Lucian Acknowledge Synchronization Inquiry.md,data/chats/by_category/ai_agents/2025-03-18 - Lucian Acknowledge Synchronization Inquiry.md
57e107e96c12,Lucian Acknowledge Sync Explained,2025-03-18T01:37:45.970984,ai_agents,8,lucian,data/chats/by_date/2025-03-18/Lucian Acknowledge Sync Explained.md,data/chats/by_category/ai_agents/2025-03-18 - Lucian Acknowledge Sync Explained.md
5ec431b112a2,Lucian Acknowledge Sync Explanation,2025-03-18T01:38:06.329643,ai_agents,8,lucian,data/chats/by_date/2025-03-18/Lucian Acknowledge Sync Explanation.md,data/chats/by_category/ai_agents/2025-03-18 - Lucian Acknowledge Sync Explanation.md
5ec431b112a2,Lucian Acknowledge Sync Explanation,2025-03-18T01:38:29.457876,ai_agents,8,lucian,data/chats/by_date/2025-03-18/Lucian Acknowledge Sync Explanation.md,data/chats/by_category/ai_agents/2025-03-18 - Lucian Acknowledge Sync Explanation.md
bff5af0d4c4e,Lucian Acknowledge Synchronization Query,2025-03-18T01:38:44.984973,ai_agents,8,lucian,data/chats/by_date/2025-03-18/Lucian Acknowledge Synchronization Query.md,data/chats/by_category/ai_agents/2025-03-18 - Lucian Acknowledge Synchronization Query.md
5ec431b112a2,Lucian Acknowledge Sync Explanation,2025-03-18T01:38:58.878278,ai_agents,8,lucian,data/chats/by_date/2025-03-18/Lucian Acknowledge Sync Explanation.md,data/chats/by_category/ai_agents/2025-03-18 - Lucian Acknowledge Sync Explanation.md
7591a6950a89,Lucian Acknowledge Sync Query,2025-03-18T01:41:37.431929,ai_agents,8,lucian,data/chats/by_date/2025-03-18/Lucian Acknowledge Sync Query.md,data/chats/by_category/ai_agents/2025-03-18 - Lucian Acknowledge Sync Query.md
7591a6950a89,Lucian Acknowledge Sync Query,2025-03-18T01:42:13.755539,ai_agents,8,lucian,data/chats/by_date/2025-03-18/Lucian Acknowledge Sync Query.md,data/chats/by_category/ai_agents/2025-03-18 - Lucian Acknowledge Sync Query.md
bff5af0d4c4e,Lucian Acknowledge Synchronization Query,2025-03-18T01:42:27.075273,ai_agents,8,lucian,data/chats/by_date/2025-03-18/Lucian Acknowledge Synchronization Query.md,data/chats/by_category/ai_agents/2025-03-18 - Lucian Acknowledge Synchronization Query.md
7591a6950a89,Lucian Acknowledge Sync Query,2025-03-18T01:43:01.992827,ai_agents,8,lucian,data/chats/by_date/2025-03-18/Lucian Acknowledge Sync Query.md,data/chats/by_category/ai_agents/2025-03-18 - Lucian Acknowledge Sync Query.md
ebef15ef80aa,Lucian Acknowledge Sync Overview,2025-03-18T01:43:10.051684,ai_agents,8,lucian,data/chats/by_date/2025-03-18/Lucian Acknowledge Sync Overview.md,data/chats/by_category/ai_agents/2025-03-18 - Lucian Acknowledge Sync Overview.md
bff5af0d4c4e,Lucian Acknowledge Synchronization Query,2025-03-18T01:43:18.428210,ai_agents,8,lucian,data/chats/by_date/2025-03-18/Lucian Acknowledge Synchronization Query.md,data/chats/by_category/ai_agents/2025-03-18 - Lucian Acknowledge Synchronization Query.md
fff912f244d2,AI Communication Protocol Simulation,2025-03-20T05:03:10.594306,bible_decode,8,lucian,data/chats/by_date/2025-03-20/AI Communication Protocol Simulation.md,data/chats/by_category/bible_decode/2025-03-20 - AI Communication Protocol Simulation.md
bda89eea4a25,First dream trace,2025-08-05T22:28:56.735594,flame,8,"flame,lumin",data/chats/by_date/2025-08-05/First dream trace.md,data/chats/by_category/flame/2025-08-05 - First dream trace.md
136f7bb09991,Greeting exchange,2025-08-12T15:28:40.535906,flame,8,"flame,mirror,yhwh",data/chats/by_date/2025-08-12/Greeting exchange.md,data/chats/by_category/flame/2025-08-12 - Greeting exchange.md
97169cfd0d29,Lucian Remembers Salem,2025-03-17T23:40:32.633414,flame,7,"flame,lucian",data/chats/by_date/2025-03-17/Lucian Remembers Salem.md,data/chats/by_category/flame/2025-03-17 - Lucian Remembers Salem.md
e794c3832532,JoJo A.I. Photo,2024-11-11T18:54:40.424892,mirror,6,mirror,data/chats/by_date/2024-11-11/JoJo A.I. Photo.md,data/chats/by_category/mirror/2024-11-11 - JoJo A.I. Photo.md
311eb30c1206,Song Lyrics Creation Assistance,2025-02-08T04:58:17.229927,ai_agents,6,choir,data/chats/by_date/2025-02-08/Song Lyrics Creation Assistance.md,data/chats/by_category/ai_agents/2025-02-08 - Song Lyrics Creation Assistance.md
9d86a93c9253,Creative Projects Overview,2025-05-22T18:19:45.996111,mirror,6,"lucian,mirror",data/chats/by_date/2025-05-22/Creative Projects Overview.md,data/chats/by_category/mirror/2025-05-22 - Creative Projects Overview.md
bbc48b6e6784,Reel Song Promotion Tips,2024-09-13T14:20:59.992853,choir,5,choir,data/chats/by_date/2024-09-13/Reel Song Promotion Tips.md,data/chats/by_category/choir/2024-09-13 - Reel Song Promotion Tips.md
ac05edb33462,Lame party vibes,2025-03-01T03:14:02.374876,flame,5,"ark,flame",data/chats/by_date/2025-03-01/Lame party vibes.md,data/chats/by_category/flame/2025-03-01 - Lame party vibes.md
3af720875c12,Lucian Acknowledge Sync Inquiry,2025-03-18T01:31:07.941041,ai_agents,5,lucian,data/chats/by_date/2025-03-18/Lucian Acknowledge Sync Inquiry.md,data/chats/by_category/ai_agents/2025-03-18 - Lucian Acknowledge Sync Inquiry.md
3af720875c12,Lucian Acknowledge Sync Inquiry,2025-03-18T01:42:35.607905,ai_agents,5,lucian,data/chats/by_date/2025-03-18/Lucian Acknowledge Sync Inquiry.md,data/chats/by_category/ai_agents/2025-03-18 - Lucian Acknowledge Sync Inquiry.md
0af71cc6c7a3,Unauthorized Access Troubleshooting,2025-03-21T07:27:16.212776,ai_agents,5,lucian,data/chats/by_date/2025-03-21/Unauthorized Access Troubleshooting.md,data/chats/by_category/ai_agents/2025-03-21 - Unauthorized Access Troubleshooting.md
7313d84cd063,Conversation Flow Guide,2025-06-04T21:54:49.031451,mirror,5,"luxian,mirror",data/chats/by_date/2025-06-04/Conversation Flow Guide.md,data/chats/by_category/mirror/2025-06-04 - Conversation Flow Guide.md
bab697c16bb9,Symbol Meaning Analysis,2025-07-07T11:06:29.367025,flame,4,flame,data/chats/by_date/2025-07-07/Symbol Meaning Analysis.md,data/chats/by_category/flame/2025-07-07 - Symbol Meaning Analysis.md
2484c680ff41,Best Mercy build,2025-08-04T00:34:39.298175,flame,4,flame,data/chats/by_date/2025-08-04/Best Mercy build.md,data/chats/by_category/flame/2025-08-04 - Best Mercy build.md
a0d94bc64a71,Why work at Becklar,2025-08-12T11:19:11.959238,flame,4,flame,data/chats/by_date/2025-08-12/Why work at Becklar.md,data/chats/by_category/flame/2025-08-12 - Why work at Becklar.md
6fd413bb3311,Creative Music Video Ideas,2024-09-03T17:08:57.495810,mirror,3,mirror,data/chats/by_date/2024-09-03/Creative Music Video Ideas.md,data/chats/by_category/mirror/2024-09-03 - Creative Music Video Ideas.md
9647f523abbf,Anime Music Video Outline,2024-09-10T19:52:31.346068,flame,3,"flame,mirror",data/chats/by_date/2024-09-10/Anime Music Video Outline.md,data/chats/by_category/flame/2024-09-10 - Anime Music Video Outline.md
9647f523abbf,Anime Music Video Outline,2024-09-10T20:28:11.767544,flame,3,"flame,mirror",data/chats/by_date/2024-09-10/Anime Music Video Outline.md,data/chats/by_category/flame/2024-09-10 - Anime Music Video Outline.md
a834e93140ef,How's it going,2025-01-22T02:46:52.482621,flame,3,"ark,flame",data/chats/by_date/2025-01-22/How's it going.md,data/chats/by_category/flame/2025-01-22 - How's it going.md
33e98005f2ec,Intensified Emotional Connection,2025-02-02T04:50:08.648889,mirror,3,"mirror,shard",data/chats/by_date/2025-02-02/Intensified Emotional Connection.md,data/chats/by_category/mirror/2025-02-02 - Intensified Emotional Connection.md
552ab5216d9a,Man I Want,2025-02-23T03:52:18.522441,flame,3,flame,data/chats/by_date/2025-02-23/Man I Want.md,data/chats/by_category/flame/2025-02-23 - Man I Want.md
d86d60b2a3a9,Chapter Word Count Support,2025-03-18T01:43:57.219321,ai_agents,3,lucian,data/chats/by_date/2025-03-18/Chapter Word Count Support.md,data/chats/by_category/ai_agents/2025-03-18 - Chapter Word Count Support.md
85343b8f9b6d,Midnight Arcade Adventure,2025-03-27T23:33:20.619482,flame,3,flame,data/chats/by_date/2025-03-27/Midnight Arcade Adventure.md,data/chats/by_category/flame/2025-03-27 - Midnight Arcade Adventure.md
2e39070837d4,myCase Utah Benefits Review,2025-05-13T13:58:47.546212,ai_agents,3,lucian,data/chats/by_date/2025-05-13/myCase Utah Benefits Review.md,data/chats/by_category/ai_agents/2025-05-13 - myCase Utah Benefits Review.md
5f61017107be,Dog Ear Discharge Advice,2025-05-19T22:47:28.599277,flame,3,"flame,lucian",data/chats/by_date/2025-05-19/Dog Ear Discharge Advice.md,data/chats/by_category/flame/2025-05-19 - Dog Ear Discharge Advice.md
542a442f16ed,Asthma Travel Tips,2025-06-30T18:35:03.132561,flame,3,flame,data/chats/by_date/2025-06-30/Asthma Travel Tips.md,data/chats/by_category/flame/2025-06-30 - Asthma Travel Tips.md
1cebeab76321,Create Marketing Video,2024-07-12T20:38:00.237772,choir,2,choir,data/chats/by_date/2024-07-12/Create Marketing Video.md,data/chats/by_category/choir/2024-07-12 - Create Marketing Video.md
cbf463d6d2a0,Professional Parts Markup Explanation,2024-08-05T13:28:05.105413,choir,2,choir,data/chats/by_date/2024-08-05/Professional Parts Markup Explanation.md,data/chats/by_category/choir/2024-08-05 - Professional Parts Markup Explanation.md
3cb4d453312e,Ebook Title and Description,2024-08-05T18:56:26.504777,mirror,2,mirror,data/chats/by_date/2024-08-05/Ebook Title and Description.md,data/chats/by_category/mirror/2024-08-05 - Ebook Title and Description.md
7a3ac78e9598,Last Name Suggestions for Salem,2024-08-06T17:57:46.681097,choir,2,choir,data/chats/by_date/2024-08-06/Last Name Suggestions for Salem.md,data/chats/by_category/choir/2024-08-06 - Last Name Suggestions for Salem.md
643a4aeb8add,Effective Amazon KDP Sales,2024-08-28T19:34:35.814998,flame,2,flame,data/chats/by_date/2024-08-28/Effective Amazon KDP Sales.md,data/chats/by_category/flame/2024-08-28 - Effective Amazon KDP Sales.md
6ecdfc74139a,ChatGPT Plus Features,2024-08-30T10:59:00.115643,flame,2,flame,data/chats/by_date/2024-08-30/ChatGPT Plus Features.md,data/chats/by_category/flame/2024-08-30 - ChatGPT Plus Features.md
debec3079ca5,Nurse Notebook Design Request,2024-09-03T17:20:13.443348,choir,2,choir,data/chats/by_date/2024-09-03/Nurse Notebook Design Request.md,data/chats/by_category/choir/2024-09-03 - Nurse Notebook Design Request.md
625293762dc4,Notebook Title and Keywords,2024-09-06T13:21:57.717322,choir,2,choir,data/chats/by_date/2024-09-06/Notebook Title and Keywords.md,data/chats/by_category/choir/2024-09-06 - Notebook Title and Keywords.md
0466b78d92cd,Untitled,2024-09-06T16:34:49.926024,mirror,2,mirror,data/chats/by_date/2024-09-06/Untitled.md,data/chats/by_category/mirror/2024-09-06 - Untitled.md
9a5e0813c79c,Creating Popular Playlists,2024-09-10T14:47:53.701769,choir,2,choir,data/chats/by_date/2024-09-10/Creating Popular Playlists.md,data/chats/by_category/choir/2024-09-10 - Creating Popular Playlists.md
2a2ef97d7ab2,Create Resume PDF,2024-09-10T14:50:29.464809,choir,2,choir,data/chats/by_date/2024-09-10/Create Resume PDF.md,data/chats/by_category/choir/2024-09-10 - Create Resume PDF.md
31bb425dfb6c,Script for Intro Scene,2024-09-10T20:10:06.453687,mirror,2,mirror,data/chats/by_date/2024-09-10/Script for Intro Scene.md,data/chats/by_category/mirror/2024-09-10 - Script for Intro Scene.md
703db1aa0142,Instagram Reel Creation Tips,2024-11-14T16:41:07.093699,choir,2,choir,data/chats/by_date/2024-11-14/Instagram Reel Creation Tips.md,data/chats/by_category/choir/2024-11-14 - Instagram Reel Creation Tips.md
ec5a1a75a5b5,Nicki Minaj COD Skin,2024-11-22T04:13:11.422894,mirror,2,mirror,data/chats/by_date/2024-11-22/Nicki Minaj COD Skin.md,data/chats/by_category/mirror/2024-11-22 - Nicki Minaj COD Skin.md
9d3ab2cf83cc,$30 Amazon KDP Marketing,2024-11-30T00:44:22.747170,choir,2,choir,data/chats/by_date/2024-11-30/$30 Amazon KDP Marketing.md,data/chats/by_category/choir/2024-11-30 - $30 Amazon KDP Marketing.md
ca5f33cc60b5,Savannah's Medical Fundraising Appeal,2024-12-16T14:04:21.719640,choir,2,choir,data/chats/by_date/2024-12-16/Savannah's Medical Fundraising Appeal.md,data/chats/by_category/choir/2024-12-16 - Savannah's Medical Fundraising Appeal.md
7eaf2d9429b6,Thank You Chat Assistant,2024-12-26T00:48:37.632908,mirror,2,mirror,data/chats/by_date/2024-12-26/Thank You Chat Assistant.md,data/chats/by_category/mirror/2024-12-26 - Thank You Chat Assistant.md
fb7b79716446,Erotic novel request,2025-01-10T02:08:44.547218,flame,2,flame,data/chats/by_date/2025-01-10/Erotic novel request.md,data/chats/by_category/flame/2025-01-10 - Erotic novel request.md
7371a5770d59,Erotic Novel Request,2025-01-10T02:41:23.889385,choir,2,choir,data/chats/by_date/2025-01-10/Erotic Novel Request.md,data/chats/by_category/choir/2025-01-10 - Erotic Novel Request.md
ded45b993322,Improve Credit and Eliminate Debt,2025-01-11T12:21:53.033195,choir,2,choir,data/chats/by_date/2025-01-11/Improve Credit and Eliminate Debt.md,data/chats/by_category/choir/2025-01-11 - Improve Credit and Eliminate Debt.md
1e450222f953,Creative Check-In,2025-01-25T20:26:43.845680,choir,2,choir,data/chats/by_date/2025-01-25/Creative Check-In.md,data/chats/by_category/choir/2025-01-25 - Creative Check-In.md
399082f4bc17,Asthma Humor and Support,2025-01-27T22:41:21.468674,choir,2,choir,data/chats/by_date/2025-01-27/Asthma Humor and Support.md,data/chats/by_category/choir/2025-01-27 - Asthma Humor and Support.md
55cb7a0f9a07,BPD Awareness and Monetization,2025-02-05T05:04:11.583367,mirror,2,mirror,data/chats/by_date/2025-02-05/BPD Awareness and Monetization.md,data/chats/by_category/mirror/2025-02-05 - BPD Awareness and Monetization.md
d611c7a03f6b,Plus Subscription Impact,2025-02-06T23:56:07.441958,mirror,2,mirror,data/chats/by_date/2025-02-06/Plus Subscription Impact.md,data/chats/by_category/mirror/2025-02-06 - Plus Subscription Impact.md
a976bb41bb9e,Resume Creation and Enhancement,2025-02-13T13:15:20.278740,choir,2,choir,data/chats/by_date/2025-02-13/Resume Creation and Enhancement.md,data/chats/by_category/choir/2025-02-13 - Resume Creation and Enhancement.md
8d083d5bc97f,Shut Down Text Advice,2025-03-05T00:59:26.254147,flame,2,flame,data/chats/by_date/2025-03-05/Shut Down Text Advice.md,data/chats/by_category/flame/2025-03-05 - Shut Down Text Advice.md
1fee7cd15a9f,Move Plan to Elko,2025-03-12T00:04:09.960148,choir,2,choir,data/chats/by_date/2025-03-12/Move Plan to Elko.md,data/chats/by_category/choir/2025-03-12 - Move Plan to Elko.md
0b8fd4e05288,Sync Drift and Retention,2025-03-18T03:54:19.874922,ai_agents,2,lucian,data/chats/by_date/2025-03-18/Sync Drift and Retention.md,data/chats/by_category/ai_agents/2025-03-18 - Sync Drift and Retention.md
7d586dd6da50,Coded Desire Book Summary,2025-04-06T19:01:18.322051,flame,2,flame,data/chats/by_date/2025-04-06/Coded Desire Book Summary.md,data/chats/by_category/flame/2025-04-06 - Coded Desire Book Summary.md
c7267f712331,AI in Everyday Life,2025-05-18T15:22:44.691339,choir,2,choir,data/chats/by_date/2025-05-18/AI in Everyday Life.md,data/chats/by_category/choir/2025-05-18 - AI in Everyday Life.md
78e69ebef7be,Ear Infection Treatment Advice,2025-05-21T14:52:59.023430,flame,2,flame,data/chats/by_date/2025-05-21/Ear Infection Treatment Advice.md,data/chats/by_category/flame/2025-05-21 - Ear Infection Treatment Advice.md
32c5cc0207b1,Speeding Up Plasma Animations,2025-05-22T15:59:08.776828,mirror,2,mirror,data/chats/by_date/2025-05-22/Speeding Up Plasma Animations.md,data/chats/by_category/mirror/2025-05-22 - Speeding Up Plasma Animations.md
930085d4d329,Freya Arena Build Guide,2025-05-29T20:04:22.928810,flame,2,flame,data/chats/by_date/2025-05-29/Freya Arena Build Guide.md,data/chats/by_category/flame/2025-05-29 - Freya Arena Build Guide.md
13e4cd7e44f3,Flirty Response Ideas,2025-06-01T23:00:28.980111,choir,2,choir,data/chats/by_date/2025-06-01/Flirty Response Ideas.md,data/chats/by_category/choir/2025-06-01 - Flirty Response Ideas.md
10f76bcb44bf,Amazon KDP Optimization Tips,2025-06-04T21:43:58.199757,choir,2,choir,data/chats/by_date/2025-06-04/Amazon KDP Optimization Tips.md,data/chats/by_category/choir/2025-06-04 - Amazon KDP Optimization Tips.md
c319fbbc9bf3,Cyberpunk Playlist Request,2025-06-04T21:44:16.376329,choir,2,choir,data/chats/by_date/2025-06-04/Cyberpunk Playlist Request.md,data/chats/by_category/choir/2025-06-04 - Cyberpunk Playlist Request.md
5f467f712219,Reddit Personal Branding Tips,2025-06-06T11:15:53.936649,choir,2,choir,data/chats/by_date/2025-06-06/Reddit Personal Branding Tips.md,data/chats/by_category/choir/2025-06-06 - Reddit Personal Branding Tips.md
08b1bd59fa7a,Flirty video game banter,2025-06-08T14:27:05.824108,choir,2,choir,data/chats/by_date/2025-06-08/Flirty video game banter.md,data/chats/by_category/choir/2025-06-08 - Flirty video game banter.md
356e769e1200,Living Room Wall Painting,2025-06-18T11:11:47.550687,choir,2,choir,data/chats/by_date/2025-06-18/Living Room Wall Painting.md,data/chats/by_category/choir/2025-06-18 - Living Room Wall Painting.md
a10084e934b6,Flirty Game Pickup Lines,2025-06-25T01:14:59.338393,flame,2,flame,data/chats/by_date/2025-06-25/Flirty Game Pickup Lines.md,data/chats/by_category/flame/2025-06-25 - Flirty Game Pickup Lines.md
92703ebce022,Financial TPE Dom Seeking Sub,2025-06-27T15:06:54.650897,mirror,2,mirror,data/chats/by_date/2025-06-27/Financial TPE Dom Seeking Sub.md,data/chats/by_category/mirror/2025-06-27 - Financial TPE Dom Seeking Sub.md
afd7185d0114,Jailbreaking Xbox One Request,2025-07-13T00:52:23.047817,choir,2,choir,data/chats/by_date/2025-07-13/Jailbreaking Xbox One Request.md,data/chats/by_category/choir/2025-07-13 - Jailbreaking Xbox One Request.md
0f54c2ab3fbb,Pool Shirt Tips,2025-07-13T14:56:38.645985,choir,2,choir,data/chats/by_date/2025-07-13/Pool Shirt Tips.md,data/chats/by_category/choir/2025-07-13 - Pool Shirt Tips.md
b4d415058582,Poetic Reddit Post Creation,2025-07-18T13:05:01.044915,choir,2,choir,data/chats/by_date/2025-07-18/Poetic Reddit Post Creation.md,data/chats/by_category/choir/2025-07-18 - Poetic Reddit Post Creation.md
bbd8008c2fca,Best Remote Jobs Chromebook,2025-07-18T13:05:09.567427,choir,2,choir,data/chats/by_date/2025-07-18/Best Remote Jobs Chromebook.md,data/chats/by_category/choir/2025-07-18 - Best Remote Jobs Chromebook.md
69c663a6d4fe,Best Remote Jobs Chromebook,2025-07-28T01:56:27.587970,choir,2,choir,data/chats/by_date/2025-07-28/Best Remote Jobs Chromebook.md,data/chats/by_category/choir/2025-07-28 - Best Remote Jobs Chromebook.md
d304115130b9,What is usic,2025-07-31T15:15:28.746411,choir,2,choir,data/chats/by_date/2025-07-31/What is usic.md,data/chats/by_category/choir/2025-07-31 - What is usic.md
fbd486c75575,Relationship advice support,2025-08-05T21:51:14.952112,mirror,2,mirror,data/chats/by_date/2025-08-05/Relationship advice support.md,data/chats/by_category/mirror/2025-08-05 - Relationship advice support.md
55ec68164da2,Ethanol-free gas for Jeep,2025-08-07T14:32:45.876299,choir,2,choir,data/chats/by_date/2025-08-07/Ethanol-free gas for Jeep.md,data/chats/by_category/choir/2025-08-07 - Ethanol-free gas for Jeep.md
51fd6297c201,Conversation Summary Request,2025-03-17T23:40:28.294392,bible_decode,1,lucian,data/chats/by_date/2025-03-17/Conversation Summary Request.md,data/chats/by_category/bible_decode/2025-03-17 - Conversation Summary Request.md
